id,priority,municipality,pillar,primary_keyword_en,primary_keyword_es,url,requirement,release_status,index_policy
"1","P1","Aguadilla","business","automotive services in Aguadilla","servicios automotrices en Aguadilla","https://spotlightpuertorico.com/puerto-rico/aguadilla/automotive/","2 approved automotive listings","live","index"
"2","P1","Aguadilla","tourism","beaches near Aguadilla","playas cerca de Aguadilla","https://spotlightpuertorico.com/puerto-rico/aguadilla/beaches/","2 documented beaches with access and safety details","live","index"
"3","P1","Aguadilla","business","beauty and spa in Aguadilla","belleza y spa en Aguadilla","https://spotlightpuertorico.com/puerto-rico/aguadilla/beauty-and-spa/","2 approved beauty or spa listings","live","index"
"4","P1","Aguadilla","food","cafes and bakeries in Aguadilla","cafés y panaderías en Aguadilla","https://spotlightpuertorico.com/puerto-rico/aguadilla/cafes-and-bakeries/","2 approved café or bakery listings","live","index"
"5","P1","Aguadilla","tourism","family things to do in Aguadilla","actividades familiares en Aguadilla","https://spotlightpuertorico.com/puerto-rico/aguadilla/family-activities/","3 documented family-suitable activities","live","index"
"6","P1","Aguadilla","business","home services in Aguadilla","servicios para el hogar en Aguadilla","https://spotlightpuertorico.com/puerto-rico/aguadilla/home-services/","2 approved home-service listings","live","index"
"7","P1","Aguadilla","business","local businesses in Aguadilla","negocios locales en Aguadilla","https://spotlightpuertorico.com/puerto-rico/aguadilla/local-businesses/","4 approved listings across at least 2 categories","live","index"
"8","P1","Aguadilla","business","professional services in Aguadilla","servicios profesionales en Aguadilla","https://spotlightpuertorico.com/puerto-rico/aguadilla/professional-services/","2 approved professional-service listings","live","index"
"9","P1","Aguadilla","food","restaurants in Aguadilla","restaurantes en Aguadilla","https://spotlightpuertorico.com/puerto-rico/aguadilla/restaurants/","2 approved restaurant listings","live","index"
"10","P1","Aguadilla","business","services near me in Aguadilla","servicios cerca de mí en Aguadilla","https://spotlightpuertorico.com/puerto-rico/aguadilla/services/","3 approved service listings across at least 2 categories","live","index"
"11","P1","Aguadilla","shopping","shopping in Aguadilla Puerto Rico","dónde comprar en Aguadilla Puerto Rico","https://spotlightpuertorico.com/puerto-rico/aguadilla/shopping/","2 approved retail listings","live","index"
"12","P1","Aguadilla","tourism","things to do in Aguadilla","qué hacer en Aguadilla","https://spotlightpuertorico.com/puerto-rico/aguadilla/things-to-do/","3 approved activities or attractions with distinct descriptions","live","index"
"13","P1","Aguadilla","tourism","tours in Aguadilla Puerto Rico","tours en Aguadilla Puerto Rico","https://spotlightpuertorico.com/puerto-rico/aguadilla/tours-and-experiences/","2 approved tours or bookable experiences","live","index"
"14","P1","Arecibo","business","automotive services in Arecibo","servicios automotrices en Arecibo","https://spotlightpuertorico.com/puerto-rico/arecibo/automotive/","2 approved automotive listings","live","index"
"15","P1","Arecibo","tourism","beaches near Arecibo","playas cerca de Arecibo","https://spotlightpuertorico.com/puerto-rico/arecibo/beaches/","2 documented beaches with access and safety details","live","index"
"16","P1","Arecibo","business","beauty and spa in Arecibo","belleza y spa en Arecibo","https://spotlightpuertorico.com/puerto-rico/arecibo/beauty-and-spa/","2 approved beauty or spa listings","live","index"
"17","P1","Arecibo","food","cafes and bakeries in Arecibo","cafés y panaderías en Arecibo","https://spotlightpuertorico.com/puerto-rico/arecibo/cafes-and-bakeries/","2 approved café or bakery listings","live","index"
"18","P1","Arecibo","tourism","family things to do in Arecibo","actividades familiares en Arecibo","https://spotlightpuertorico.com/puerto-rico/arecibo/family-activities/","3 documented family-suitable activities","live","index"
"19","P1","Arecibo","business","home services in Arecibo","servicios para el hogar en Arecibo","https://spotlightpuertorico.com/puerto-rico/arecibo/home-services/","2 approved home-service listings","live","index"
"20","P1","Arecibo","business","local businesses in Arecibo","negocios locales en Arecibo","https://spotlightpuertorico.com/puerto-rico/arecibo/local-businesses/","4 approved listings across at least 2 categories","live","index"
"21","P1","Arecibo","business","professional services in Arecibo","servicios profesionales en Arecibo","https://spotlightpuertorico.com/puerto-rico/arecibo/professional-services/","2 approved professional-service listings","live","index"
"22","P1","Arecibo","food","restaurants in Arecibo","restaurantes en Arecibo","https://spotlightpuertorico.com/puerto-rico/arecibo/restaurants/","2 approved restaurant listings","live","index"
"23","P1","Arecibo","business","services near me in Arecibo","servicios cerca de mí en Arecibo","https://spotlightpuertorico.com/puerto-rico/arecibo/services/","3 approved service listings across at least 2 categories","live","index"
"24","P1","Arecibo","shopping","shopping in Arecibo Puerto Rico","dónde comprar en Arecibo Puerto Rico","https://spotlightpuertorico.com/puerto-rico/arecibo/shopping/","2 approved retail listings","live","index"
"25","P1","Arecibo","tourism","things to do in Arecibo","qué hacer en Arecibo","https://spotlightpuertorico.com/puerto-rico/arecibo/things-to-do/","3 approved activities or attractions with distinct descriptions","live","index"
"26","P1","Arecibo","tourism","tours in Arecibo Puerto Rico","tours en Arecibo Puerto Rico","https://spotlightpuertorico.com/puerto-rico/arecibo/tours-and-experiences/","2 approved tours or bookable experiences","live","index"
"27","P1","Bayamón","business","automotive services in Bayamón","servicios automotrices en Bayamón","https://spotlightpuertorico.com/puerto-rico/bayamon/automotive/","2 approved automotive listings","live","index"
"28","P1","Bayamón","tourism","beaches near Bayamón","playas cerca de Bayamón","https://spotlightpuertorico.com/puerto-rico/bayamon/beaches/","2 documented beaches with access and safety details","live","index"
"29","P1","Bayamón","business","beauty and spa in Bayamón","belleza y spa en Bayamón","https://spotlightpuertorico.com/puerto-rico/bayamon/beauty-and-spa/","2 approved beauty or spa listings","live","index"
"30","P1","Bayamón","food","cafes and bakeries in Bayamón","cafés y panaderías en Bayamón","https://spotlightpuertorico.com/puerto-rico/bayamon/cafes-and-bakeries/","2 approved café or bakery listings","live","index"
"31","P1","Bayamón","tourism","family things to do in Bayamón","actividades familiares en Bayamón","https://spotlightpuertorico.com/puerto-rico/bayamon/family-activities/","3 documented family-suitable activities","live","index"
"32","P1","Bayamón","business","home services in Bayamón","servicios para el hogar en Bayamón","https://spotlightpuertorico.com/puerto-rico/bayamon/home-services/","2 approved home-service listings","live","index"
"33","P1","Bayamón","business","local businesses in Bayamón","negocios locales en Bayamón","https://spotlightpuertorico.com/puerto-rico/bayamon/local-businesses/","4 approved listings across at least 2 categories","live","index"
"34","P1","Bayamón","business","professional services in Bayamón","servicios profesionales en Bayamón","https://spotlightpuertorico.com/puerto-rico/bayamon/professional-services/","2 approved professional-service listings","live","index"
"35","P1","Bayamón","food","restaurants in Bayamón","restaurantes en Bayamón","https://spotlightpuertorico.com/puerto-rico/bayamon/restaurants/","2 approved restaurant listings","live","index"
"36","P1","Bayamón","business","services near me in Bayamón","servicios cerca de mí en Bayamón","https://spotlightpuertorico.com/puerto-rico/bayamon/services/","3 approved service listings across at least 2 categories","live","index"
"37","P1","Bayamón","shopping","shopping in Bayamón Puerto Rico","dónde comprar en Bayamón Puerto Rico","https://spotlightpuertorico.com/puerto-rico/bayamon/shopping/","2 approved retail listings","live","index"
"38","P1","Bayamón","tourism","things to do in Bayamón","qué hacer en Bayamón","https://spotlightpuertorico.com/puerto-rico/bayamon/things-to-do/","3 approved activities or attractions with distinct descriptions","live","index"
"39","P1","Bayamón","tourism","tours in Bayamón Puerto Rico","tours en Bayamón Puerto Rico","https://spotlightpuertorico.com/puerto-rico/bayamon/tours-and-experiences/","2 approved tours or bookable experiences","live","index"
"40","P1","Cabo Rojo","business","automotive services in Cabo Rojo","servicios automotrices en Cabo Rojo","https://spotlightpuertorico.com/puerto-rico/cabo-rojo/automotive/","2 approved automotive listings","live","index"
"41","P1","Cabo Rojo","tourism","beaches near Cabo Rojo","playas cerca de Cabo Rojo","https://spotlightpuertorico.com/puerto-rico/cabo-rojo/beaches/","2 documented beaches with access and safety details","live","index"
"42","P1","Cabo Rojo","business","beauty and spa in Cabo Rojo","belleza y spa en Cabo Rojo","https://spotlightpuertorico.com/puerto-rico/cabo-rojo/beauty-and-spa/","2 approved beauty or spa listings","live","index"
"43","P1","Cabo Rojo","food","cafes and bakeries in Cabo Rojo","cafés y panaderías en Cabo Rojo","https://spotlightpuertorico.com/puerto-rico/cabo-rojo/cafes-and-bakeries/","2 approved café or bakery listings","live","index"
"44","P1","Cabo Rojo","tourism","family things to do in Cabo Rojo","actividades familiares en Cabo Rojo","https://spotlightpuertorico.com/puerto-rico/cabo-rojo/family-activities/","3 documented family-suitable activities","live","index"
"45","P1","Cabo Rojo","business","home services in Cabo Rojo","servicios para el hogar en Cabo Rojo","https://spotlightpuertorico.com/puerto-rico/cabo-rojo/home-services/","2 approved home-service listings","live","index"
"46","P1","Cabo Rojo","business","local businesses in Cabo Rojo","negocios locales en Cabo Rojo","https://spotlightpuertorico.com/puerto-rico/cabo-rojo/local-businesses/","4 approved listings across at least 2 categories","live","index"
"47","P1","Cabo Rojo","business","professional services in Cabo Rojo","servicios profesionales en Cabo Rojo","https://spotlightpuertorico.com/puerto-rico/cabo-rojo/professional-services/","2 approved professional-service listings","live","index"
"48","P1","Cabo Rojo","food","restaurants in Cabo Rojo","restaurantes en Cabo Rojo","https://spotlightpuertorico.com/puerto-rico/cabo-rojo/restaurants/","2 approved restaurant listings","live","index"
"49","P1","Cabo Rojo","business","services near me in Cabo Rojo","servicios cerca de mí en Cabo Rojo","https://spotlightpuertorico.com/puerto-rico/cabo-rojo/services/","3 approved service listings across at least 2 categories","live","index"
"50","P1","Cabo Rojo","shopping","shopping in Cabo Rojo Puerto Rico","dónde comprar en Cabo Rojo Puerto Rico","https://spotlightpuertorico.com/puerto-rico/cabo-rojo/shopping/","2 approved retail listings","live","index"
"51","P1","Cabo Rojo","tourism","things to do in Cabo Rojo","qué hacer en Cabo Rojo","https://spotlightpuertorico.com/puerto-rico/cabo-rojo/things-to-do/","3 approved activities or attractions with distinct descriptions","live","index"
"52","P1","Cabo Rojo","tourism","tours in Cabo Rojo Puerto Rico","tours en Cabo Rojo Puerto Rico","https://spotlightpuertorico.com/puerto-rico/cabo-rojo/tours-and-experiences/","2 approved tours or bookable experiences","live","index"
"53","P1","Caguas","business","automotive services in Caguas","servicios automotrices en Caguas","https://spotlightpuertorico.com/puerto-rico/caguas/automotive/","2 approved automotive listings","live","index"
"54","P1","Caguas","tourism","beaches near Caguas","playas cerca de Caguas","https://spotlightpuertorico.com/puerto-rico/caguas/beaches/","2 documented beaches with access and safety details","live","index"
"55","P1","Caguas","business","beauty and spa in Caguas","belleza y spa en Caguas","https://spotlightpuertorico.com/puerto-rico/caguas/beauty-and-spa/","2 approved beauty or spa listings","live","index"
"56","P1","Caguas","food","cafes and bakeries in Caguas","cafés y panaderías en Caguas","https://spotlightpuertorico.com/puerto-rico/caguas/cafes-and-bakeries/","2 approved café or bakery listings","live","index"
"57","P1","Caguas","tourism","family things to do in Caguas","actividades familiares en Caguas","https://spotlightpuertorico.com/puerto-rico/caguas/family-activities/","3 documented family-suitable activities","live","index"
"58","P1","Caguas","business","home services in Caguas","servicios para el hogar en Caguas","https://spotlightpuertorico.com/puerto-rico/caguas/home-services/","2 approved home-service listings","live","index"
"59","P1","Caguas","business","local businesses in Caguas","negocios locales en Caguas","https://spotlightpuertorico.com/puerto-rico/caguas/local-businesses/","4 approved listings across at least 2 categories","live","index"
"60","P1","Caguas","business","professional services in Caguas","servicios profesionales en Caguas","https://spotlightpuertorico.com/puerto-rico/caguas/professional-services/","2 approved professional-service listings","live","index"
"61","P1","Caguas","food","restaurants in Caguas","restaurantes en Caguas","https://spotlightpuertorico.com/puerto-rico/caguas/restaurants/","2 approved restaurant listings","live","index"
"62","P1","Caguas","business","services near me in Caguas","servicios cerca de mí en Caguas","https://spotlightpuertorico.com/puerto-rico/caguas/services/","3 approved service listings across at least 2 categories","live","index"
"63","P1","Caguas","shopping","shopping in Caguas Puerto Rico","dónde comprar en Caguas Puerto Rico","https://spotlightpuertorico.com/puerto-rico/caguas/shopping/","2 approved retail listings","live","index"
"64","P1","Caguas","tourism","things to do in Caguas","qué hacer en Caguas","https://spotlightpuertorico.com/puerto-rico/caguas/things-to-do/","3 approved activities or attractions with distinct descriptions","live","index"
"65","P1","Caguas","tourism","tours in Caguas Puerto Rico","tours en Caguas Puerto Rico","https://spotlightpuertorico.com/puerto-rico/caguas/tours-and-experiences/","2 approved tours or bookable experiences","live","index"
"66","P1","Carolina","business","automotive services in Carolina","servicios automotrices en Carolina","https://spotlightpuertorico.com/puerto-rico/carolina/automotive/","2 approved automotive listings","live","index"
"67","P1","Carolina","tourism","beaches near Carolina","playas cerca de Carolina","https://spotlightpuertorico.com/puerto-rico/carolina/beaches/","2 documented beaches with access and safety details","live","index"
"68","P1","Carolina","business","beauty and spa in Carolina","belleza y spa en Carolina","https://spotlightpuertorico.com/puerto-rico/carolina/beauty-and-spa/","2 approved beauty or spa listings","live","index"
"69","P1","Carolina","food","cafes and bakeries in Carolina","cafés y panaderías en Carolina","https://spotlightpuertorico.com/puerto-rico/carolina/cafes-and-bakeries/","2 approved café or bakery listings","live","index"
"70","P1","Carolina","tourism","family things to do in Carolina","actividades familiares en Carolina","https://spotlightpuertorico.com/puerto-rico/carolina/family-activities/","3 documented family-suitable activities","live","index"
"71","P1","Carolina","business","home services in Carolina","servicios para el hogar en Carolina","https://spotlightpuertorico.com/puerto-rico/carolina/home-services/","2 approved home-service listings","live","index"
"72","P1","Carolina","business","local businesses in Carolina","negocios locales en Carolina","https://spotlightpuertorico.com/puerto-rico/carolina/local-businesses/","4 approved listings across at least 2 categories","live","index"
"73","P1","Carolina","business","professional services in Carolina","servicios profesionales en Carolina","https://spotlightpuertorico.com/puerto-rico/carolina/professional-services/","2 approved professional-service listings","live","index"
"74","P1","Carolina","food","restaurants in Carolina","restaurantes en Carolina","https://spotlightpuertorico.com/puerto-rico/carolina/restaurants/","2 approved restaurant listings","live","index"
"75","P1","Carolina","business","services near me in Carolina","servicios cerca de mí en Carolina","https://spotlightpuertorico.com/puerto-rico/carolina/services/","3 approved service listings across at least 2 categories","live","index"
"76","P2","Carolina","shopping","shopping in Carolina Puerto Rico","dónde comprar en Carolina Puerto Rico","https://spotlightpuertorico.com/puerto-rico/carolina/shopping/","2 approved retail listings","live","index"
"77","P2","Carolina","tourism","things to do in Carolina","qué hacer en Carolina","https://spotlightpuertorico.com/puerto-rico/carolina/things-to-do/","3 approved activities or attractions with distinct descriptions","live","index"
"78","P2","Carolina","tourism","tours in Carolina Puerto Rico","tours en Carolina Puerto Rico","https://spotlightpuertorico.com/puerto-rico/carolina/tours-and-experiences/","2 approved tours or bookable experiences","live","index"
"79","P2","Culebra","business","automotive services in Culebra","servicios automotrices en Culebra","https://spotlightpuertorico.com/puerto-rico/culebra/automotive/","2 approved automotive listings","live","index"
"80","P2","Culebra","tourism","beaches near Culebra","playas cerca de Culebra","https://spotlightpuertorico.com/puerto-rico/culebra/beaches/","2 documented beaches with access and safety details","live","index"
"81","P2","Culebra","business","beauty and spa in Culebra","belleza y spa en Culebra","https://spotlightpuertorico.com/puerto-rico/culebra/beauty-and-spa/","2 approved beauty or spa listings","live","index"
"82","P2","Culebra","food","cafes and bakeries in Culebra","cafés y panaderías en Culebra","https://spotlightpuertorico.com/puerto-rico/culebra/cafes-and-bakeries/","2 approved café or bakery listings","live","index"
"83","P2","Culebra","tourism","family things to do in Culebra","actividades familiares en Culebra","https://spotlightpuertorico.com/puerto-rico/culebra/family-activities/","3 documented family-suitable activities","live","index"
"84","P2","Culebra","business","home services in Culebra","servicios para el hogar en Culebra","https://spotlightpuertorico.com/puerto-rico/culebra/home-services/","2 approved home-service listings","live","index"
"85","P2","Culebra","business","local businesses in Culebra","negocios locales en Culebra","https://spotlightpuertorico.com/puerto-rico/culebra/local-businesses/","4 approved listings across at least 2 categories","live","index"
"86","P2","Culebra","business","professional services in Culebra","servicios profesionales en Culebra","https://spotlightpuertorico.com/puerto-rico/culebra/professional-services/","2 approved professional-service listings","live","index"
"87","P2","Culebra","food","restaurants in Culebra","restaurantes en Culebra","https://spotlightpuertorico.com/puerto-rico/culebra/restaurants/","2 approved restaurant listings","live","index"
"88","P2","Culebra","business","services near me in Culebra","servicios cerca de mí en Culebra","https://spotlightpuertorico.com/puerto-rico/culebra/services/","3 approved service listings across at least 2 categories","live","index"
"89","P2","Culebra","shopping","shopping in Culebra Puerto Rico","dónde comprar en Culebra Puerto Rico","https://spotlightpuertorico.com/puerto-rico/culebra/shopping/","2 approved retail listings","live","index"
"90","P2","Culebra","tourism","things to do in Culebra","qué hacer en Culebra","https://spotlightpuertorico.com/puerto-rico/culebra/things-to-do/","3 approved activities or attractions with distinct descriptions","live","index"
"91","P2","Culebra","tourism","tours in Culebra Puerto Rico","tours en Culebra Puerto Rico","https://spotlightpuertorico.com/puerto-rico/culebra/tours-and-experiences/","2 approved tours or bookable experiences","live","index"
"92","P2","Dorado","business","automotive services in Dorado","servicios automotrices en Dorado","https://spotlightpuertorico.com/puerto-rico/dorado/automotive/","2 approved automotive listings","live","index"
"93","P2","Dorado","tourism","beaches near Dorado","playas cerca de Dorado","https://spotlightpuertorico.com/puerto-rico/dorado/beaches/","2 documented beaches with access and safety details","live","index"
"94","P2","Dorado","business","beauty and spa in Dorado","belleza y spa en Dorado","https://spotlightpuertorico.com/puerto-rico/dorado/beauty-and-spa/","2 approved beauty or spa listings","live","index"
"95","P2","Dorado","food","cafes and bakeries in Dorado","cafés y panaderías en Dorado","https://spotlightpuertorico.com/puerto-rico/dorado/cafes-and-bakeries/","2 approved café or bakery listings","live","index"
"96","P2","Dorado","tourism","family things to do in Dorado","actividades familiares en Dorado","https://spotlightpuertorico.com/puerto-rico/dorado/family-activities/","3 documented family-suitable activities","live","index"
"97","P2","Dorado","business","home services in Dorado","servicios para el hogar en Dorado","https://spotlightpuertorico.com/puerto-rico/dorado/home-services/","2 approved home-service listings","live","index"
"98","P2","Dorado","business","local businesses in Dorado","negocios locales en Dorado","https://spotlightpuertorico.com/puerto-rico/dorado/local-businesses/","4 approved listings across at least 2 categories","live","index"
"99","P2","Dorado","business","professional services in Dorado","servicios profesionales en Dorado","https://spotlightpuertorico.com/puerto-rico/dorado/professional-services/","2 approved professional-service listings","live","index"
"100","P2","Dorado","food","restaurants in Dorado","restaurantes en Dorado","https://spotlightpuertorico.com/puerto-rico/dorado/restaurants/","2 approved restaurant listings","live","index"
"101","P2","Dorado","business","services near me in Dorado","servicios cerca de mí en Dorado","https://spotlightpuertorico.com/puerto-rico/dorado/services/","3 approved service listings across at least 2 categories","live","index"
"102","P2","Dorado","shopping","shopping in Dorado Puerto Rico","dónde comprar en Dorado Puerto Rico","https://spotlightpuertorico.com/puerto-rico/dorado/shopping/","2 approved retail listings","live","index"
"103","P2","Dorado","tourism","things to do in Dorado","qué hacer en Dorado","https://spotlightpuertorico.com/puerto-rico/dorado/things-to-do/","3 approved activities or attractions with distinct descriptions","live","index"
"104","P2","Dorado","tourism","tours in Dorado Puerto Rico","tours en Dorado Puerto Rico","https://spotlightpuertorico.com/puerto-rico/dorado/tours-and-experiences/","2 approved tours or bookable experiences","live","index"
"105","P2","Fajardo","business","automotive services in Fajardo","servicios automotrices en Fajardo","https://spotlightpuertorico.com/puerto-rico/fajardo/automotive/","2 approved automotive listings","live","index"
"106","P2","Fajardo","tourism","beaches near Fajardo","playas cerca de Fajardo","https://spotlightpuertorico.com/puerto-rico/fajardo/beaches/","2 documented beaches with access and safety details","live","index"
"107","P2","Fajardo","business","beauty and spa in Fajardo","belleza y spa en Fajardo","https://spotlightpuertorico.com/puerto-rico/fajardo/beauty-and-spa/","2 approved beauty or spa listings","live","index"
"108","P2","Fajardo","food","cafes and bakeries in Fajardo","cafés y panaderías en Fajardo","https://spotlightpuertorico.com/puerto-rico/fajardo/cafes-and-bakeries/","2 approved café or bakery listings","live","index"
"109","P2","Fajardo","tourism","family things to do in Fajardo","actividades familiares en Fajardo","https://spotlightpuertorico.com/puerto-rico/fajardo/family-activities/","3 documented family-suitable activities","live","index"
"110","P2","Fajardo","business","home services in Fajardo","servicios para el hogar en Fajardo","https://spotlightpuertorico.com/puerto-rico/fajardo/home-services/","2 approved home-service listings","live","index"
"111","P2","Fajardo","business","local businesses in Fajardo","negocios locales en Fajardo","https://spotlightpuertorico.com/puerto-rico/fajardo/local-businesses/","4 approved listings across at least 2 categories","live","index"
"112","P2","Fajardo","business","professional services in Fajardo","servicios profesionales en Fajardo","https://spotlightpuertorico.com/puerto-rico/fajardo/professional-services/","2 approved professional-service listings","live","index"
"113","P2","Fajardo","food","restaurants in Fajardo","restaurantes en Fajardo","https://spotlightpuertorico.com/puerto-rico/fajardo/restaurants/","2 approved restaurant listings","live","index"
"114","P2","Fajardo","business","services near me in Fajardo","servicios cerca de mí en Fajardo","https://spotlightpuertorico.com/puerto-rico/fajardo/services/","3 approved service listings across at least 2 categories","live","index"
"115","P2","Fajardo","shopping","shopping in Fajardo Puerto Rico","dónde comprar en Fajardo Puerto Rico","https://spotlightpuertorico.com/puerto-rico/fajardo/shopping/","2 approved retail listings","live","index"
"116","P2","Fajardo","tourism","things to do in Fajardo","qué hacer en Fajardo","https://spotlightpuertorico.com/puerto-rico/fajardo/things-to-do/","3 approved activities or attractions with distinct descriptions","live","index"
"117","P2","Fajardo","tourism","tours in Fajardo Puerto Rico","tours en Fajardo Puerto Rico","https://spotlightpuertorico.com/puerto-rico/fajardo/tours-and-experiences/","2 approved tours or bookable experiences","live","index"
"118","P2","Luquillo","business","automotive services in Luquillo","servicios automotrices en Luquillo","https://spotlightpuertorico.com/puerto-rico/luquillo/automotive/","2 approved automotive listings","live","index"
"119","P2","Luquillo","tourism","beaches near Luquillo","playas cerca de Luquillo","https://spotlightpuertorico.com/puerto-rico/luquillo/beaches/","2 documented beaches with access and safety details","live","index"
"120","P2","Luquillo","business","beauty and spa in Luquillo","belleza y spa en Luquillo","https://spotlightpuertorico.com/puerto-rico/luquillo/beauty-and-spa/","2 approved beauty or spa listings","live","index"
"121","P2","Luquillo","food","cafes and bakeries in Luquillo","cafés y panaderías en Luquillo","https://spotlightpuertorico.com/puerto-rico/luquillo/cafes-and-bakeries/","2 approved café or bakery listings","live","index"
"122","P2","Luquillo","tourism","family things to do in Luquillo","actividades familiares en Luquillo","https://spotlightpuertorico.com/puerto-rico/luquillo/family-activities/","3 documented family-suitable activities","live","index"
"123","P2","Luquillo","business","home services in Luquillo","servicios para el hogar en Luquillo","https://spotlightpuertorico.com/puerto-rico/luquillo/home-services/","2 approved home-service listings","live","index"
"124","P2","Luquillo","business","local businesses in Luquillo","negocios locales en Luquillo","https://spotlightpuertorico.com/puerto-rico/luquillo/local-businesses/","4 approved listings across at least 2 categories","live","index"
"125","P2","Luquillo","business","professional services in Luquillo","servicios profesionales en Luquillo","https://spotlightpuertorico.com/puerto-rico/luquillo/professional-services/","2 approved professional-service listings","live","index"
"126","P2","Luquillo","food","restaurants in Luquillo","restaurantes en Luquillo","https://spotlightpuertorico.com/puerto-rico/luquillo/restaurants/","2 approved restaurant listings","live","index"
"127","P2","Luquillo","business","services near me in Luquillo","servicios cerca de mí en Luquillo","https://spotlightpuertorico.com/puerto-rico/luquillo/services/","3 approved service listings across at least 2 categories","live","index"
"128","P2","Luquillo","shopping","shopping in Luquillo Puerto Rico","dónde comprar en Luquillo Puerto Rico","https://spotlightpuertorico.com/puerto-rico/luquillo/shopping/","2 approved retail listings","live","index"
"129","P2","Luquillo","tourism","things to do in Luquillo","qué hacer en Luquillo","https://spotlightpuertorico.com/puerto-rico/luquillo/things-to-do/","3 approved activities or attractions with distinct descriptions","live","index"
"130","P2","Luquillo","tourism","tours in Luquillo Puerto Rico","tours en Luquillo Puerto Rico","https://spotlightpuertorico.com/puerto-rico/luquillo/tours-and-experiences/","2 approved tours or bookable experiences","live","index"
"131","P2","Mayagüez","business","automotive services in Mayagüez","servicios automotrices en Mayagüez","https://spotlightpuertorico.com/puerto-rico/mayaguez/automotive/","2 approved automotive listings","live","index"
"132","P2","Mayagüez","tourism","beaches near Mayagüez","playas cerca de Mayagüez","https://spotlightpuertorico.com/puerto-rico/mayaguez/beaches/","2 documented beaches with access and safety details","live","index"
"133","P2","Mayagüez","business","beauty and spa in Mayagüez","belleza y spa en Mayagüez","https://spotlightpuertorico.com/puerto-rico/mayaguez/beauty-and-spa/","2 approved beauty or spa listings","live","index"
"134","P2","Mayagüez","food","cafes and bakeries in Mayagüez","cafés y panaderías en Mayagüez","https://spotlightpuertorico.com/puerto-rico/mayaguez/cafes-and-bakeries/","2 approved café or bakery listings","live","index"
"135","P2","Mayagüez","tourism","family things to do in Mayagüez","actividades familiares en Mayagüez","https://spotlightpuertorico.com/puerto-rico/mayaguez/family-activities/","3 documented family-suitable activities","live","index"
"136","P2","Mayagüez","business","home services in Mayagüez","servicios para el hogar en Mayagüez","https://spotlightpuertorico.com/puerto-rico/mayaguez/home-services/","2 approved home-service listings","live","index"
"137","P2","Mayagüez","business","local businesses in Mayagüez","negocios locales en Mayagüez","https://spotlightpuertorico.com/puerto-rico/mayaguez/local-businesses/","4 approved listings across at least 2 categories","live","index"
"138","P2","Mayagüez","business","professional services in Mayagüez","servicios profesionales en Mayagüez","https://spotlightpuertorico.com/puerto-rico/mayaguez/professional-services/","2 approved professional-service listings","live","index"
"139","P2","Mayagüez","food","restaurants in Mayagüez","restaurantes en Mayagüez","https://spotlightpuertorico.com/puerto-rico/mayaguez/restaurants/","2 approved restaurant listings","live","index"
"140","P2","Mayagüez","business","services near me in Mayagüez","servicios cerca de mí en Mayagüez","https://spotlightpuertorico.com/puerto-rico/mayaguez/services/","3 approved service listings across at least 2 categories","live","index"
"141","P2","Mayagüez","shopping","shopping in Mayagüez Puerto Rico","dónde comprar en Mayagüez Puerto Rico","https://spotlightpuertorico.com/puerto-rico/mayaguez/shopping/","2 approved retail listings","live","index"
"142","P2","Mayagüez","tourism","things to do in Mayagüez","qué hacer en Mayagüez","https://spotlightpuertorico.com/puerto-rico/mayaguez/things-to-do/","3 approved activities or attractions with distinct descriptions","live","index"
"143","P2","Mayagüez","tourism","tours in Mayagüez Puerto Rico","tours en Mayagüez Puerto Rico","https://spotlightpuertorico.com/puerto-rico/mayaguez/tours-and-experiences/","2 approved tours or bookable experiences","live","index"
"144","P2","Ponce","business","automotive services in Ponce","servicios automotrices en Ponce","https://spotlightpuertorico.com/puerto-rico/ponce/automotive/","2 approved automotive listings","live","index"
"145","P2","Ponce","tourism","beaches near Ponce","playas cerca de Ponce","https://spotlightpuertorico.com/puerto-rico/ponce/beaches/","2 documented beaches with access and safety details","live","index"
"146","P2","Ponce","business","beauty and spa in Ponce","belleza y spa en Ponce","https://spotlightpuertorico.com/puerto-rico/ponce/beauty-and-spa/","2 approved beauty or spa listings","live","index"
"147","P2","Ponce","food","cafes and bakeries in Ponce","cafés y panaderías en Ponce","https://spotlightpuertorico.com/puerto-rico/ponce/cafes-and-bakeries/","2 approved café or bakery listings","live","index"
"148","P2","Ponce","tourism","family things to do in Ponce","actividades familiares en Ponce","https://spotlightpuertorico.com/puerto-rico/ponce/family-activities/","3 documented family-suitable activities","live","index"
"149","P2","Ponce","business","home services in Ponce","servicios para el hogar en Ponce","https://spotlightpuertorico.com/puerto-rico/ponce/home-services/","2 approved home-service listings","live","index"
"150","P2","Ponce","business","local businesses in Ponce","negocios locales en Ponce","https://spotlightpuertorico.com/puerto-rico/ponce/local-businesses/","4 approved listings across at least 2 categories","live","index"
"151","P2","Ponce","business","professional services in Ponce","servicios profesionales en Ponce","https://spotlightpuertorico.com/puerto-rico/ponce/professional-services/","2 approved professional-service listings","live","index"
"152","P2","Ponce","food","restaurants in Ponce","restaurantes en Ponce","https://spotlightpuertorico.com/puerto-rico/ponce/restaurants/","2 approved restaurant listings","live","index"
"153","P2","Ponce","business","services near me in Ponce","servicios cerca de mí en Ponce","https://spotlightpuertorico.com/puerto-rico/ponce/services/","3 approved service listings across at least 2 categories","live","index"
"154","P2","Ponce","shopping","shopping in Ponce Puerto Rico","dónde comprar en Ponce Puerto Rico","https://spotlightpuertorico.com/puerto-rico/ponce/shopping/","2 approved retail listings","live","index"
"155","P2","Ponce","tourism","things to do in Ponce","qué hacer en Ponce","https://spotlightpuertorico.com/puerto-rico/ponce/things-to-do/","3 approved activities or attractions with distinct descriptions","live","index"
"156","P2","Ponce","tourism","tours in Ponce Puerto Rico","tours en Ponce Puerto Rico","https://spotlightpuertorico.com/puerto-rico/ponce/tours-and-experiences/","2 approved tours or bookable experiences","live","index"
"157","P2","Rincón","business","automotive services in Rincón","servicios automotrices en Rincón","https://spotlightpuertorico.com/puerto-rico/rincon/automotive/","2 approved automotive listings","live","index"
"158","P2","Rincón","tourism","beaches near Rincón","playas cerca de Rincón","https://spotlightpuertorico.com/puerto-rico/rincon/beaches/","2 documented beaches with access and safety details","live","index"
"159","P2","Rincón","business","beauty and spa in Rincón","belleza y spa en Rincón","https://spotlightpuertorico.com/puerto-rico/rincon/beauty-and-spa/","2 approved beauty or spa listings","live","index"
"160","P2","Rincón","food","cafes and bakeries in Rincón","cafés y panaderías en Rincón","https://spotlightpuertorico.com/puerto-rico/rincon/cafes-and-bakeries/","2 approved café or bakery listings","live","index"
"161","P2","Rincón","tourism","family things to do in Rincón","actividades familiares en Rincón","https://spotlightpuertorico.com/puerto-rico/rincon/family-activities/","3 documented family-suitable activities","live","index"
"162","P2","Rincón","business","home services in Rincón","servicios para el hogar en Rincón","https://spotlightpuertorico.com/puerto-rico/rincon/home-services/","2 approved home-service listings","live","index"
"163","P2","Rincón","business","local businesses in Rincón","negocios locales en Rincón","https://spotlightpuertorico.com/puerto-rico/rincon/local-businesses/","4 approved listings across at least 2 categories","live","index"
"164","P2","Rincón","business","professional services in Rincón","servicios profesionales en Rincón","https://spotlightpuertorico.com/puerto-rico/rincon/professional-services/","2 approved professional-service listings","live","index"
"165","P2","Rincón","food","restaurants in Rincón","restaurantes en Rincón","https://spotlightpuertorico.com/puerto-rico/rincon/restaurants/","2 approved restaurant listings","live","index"
"166","P2","Rincón","business","services near me in Rincón","servicios cerca de mí en Rincón","https://spotlightpuertorico.com/puerto-rico/rincon/services/","3 approved service listings across at least 2 categories","live","index"
"167","P2","Rincón","shopping","shopping in Rincón Puerto Rico","dónde comprar en Rincón Puerto Rico","https://spotlightpuertorico.com/puerto-rico/rincon/shopping/","2 approved retail listings","live","index"
"168","P2","Rincón","tourism","things to do in Rincón","qué hacer en Rincón","https://spotlightpuertorico.com/puerto-rico/rincon/things-to-do/","3 approved activities or attractions with distinct descriptions","live","index"
"169","P2","Rincón","tourism","tours in Rincón Puerto Rico","tours en Rincón Puerto Rico","https://spotlightpuertorico.com/puerto-rico/rincon/tours-and-experiences/","2 approved tours or bookable experiences","live","index"
"170","P2","Río Grande","business","automotive services in Río Grande","servicios automotrices en Río Grande","https://spotlightpuertorico.com/puerto-rico/rio-grande/automotive/","2 approved automotive listings","live","index"
"171","P2","Río Grande","tourism","beaches near Río Grande","playas cerca de Río Grande","https://spotlightpuertorico.com/puerto-rico/rio-grande/beaches/","2 documented beaches with access and safety details","live","index"
"172","P2","Río Grande","business","beauty and spa in Río Grande","belleza y spa en Río Grande","https://spotlightpuertorico.com/puerto-rico/rio-grande/beauty-and-spa/","2 approved beauty or spa listings","live","index"
"173","P2","Río Grande","food","cafes and bakeries in Río Grande","cafés y panaderías en Río Grande","https://spotlightpuertorico.com/puerto-rico/rio-grande/cafes-and-bakeries/","2 approved café or bakery listings","live","index"
"174","P2","Río Grande","tourism","family things to do in Río Grande","actividades familiares en Río Grande","https://spotlightpuertorico.com/puerto-rico/rio-grande/family-activities/","3 documented family-suitable activities","live","index"
"175","P2","Río Grande","business","home services in Río Grande","servicios para el hogar en Río Grande","https://spotlightpuertorico.com/puerto-rico/rio-grande/home-services/","2 approved home-service listings","live","index"
"176","P2","Río Grande","business","local businesses in Río Grande","negocios locales en Río Grande","https://spotlightpuertorico.com/puerto-rico/rio-grande/local-businesses/","4 approved listings across at least 2 categories","live","index"
"177","P2","Río Grande","business","professional services in Río Grande","servicios profesionales en Río Grande","https://spotlightpuertorico.com/puerto-rico/rio-grande/professional-services/","2 approved professional-service listings","live","index"
"178","P2","Río Grande","food","restaurants in Río Grande","restaurantes en Río Grande","https://spotlightpuertorico.com/puerto-rico/rio-grande/restaurants/","2 approved restaurant listings","live","index"
"179","P2","Río Grande","business","services near me in Río Grande","servicios cerca de mí en Río Grande","https://spotlightpuertorico.com/puerto-rico/rio-grande/services/","3 approved service listings across at least 2 categories","live","index"
"180","P2","Río Grande","shopping","shopping in Río Grande Puerto Rico","dónde comprar en Río Grande Puerto Rico","https://spotlightpuertorico.com/puerto-rico/rio-grande/shopping/","2 approved retail listings","live","index"
"181","P2","Río Grande","tourism","things to do in Río Grande","qué hacer en Río Grande","https://spotlightpuertorico.com/puerto-rico/rio-grande/things-to-do/","3 approved activities or attractions with distinct descriptions","live","index"
"182","P2","Río Grande","tourism","tours in Río Grande Puerto Rico","tours en Río Grande Puerto Rico","https://spotlightpuertorico.com/puerto-rico/rio-grande/tours-and-experiences/","2 approved tours or bookable experiences","live","index"
"183","P2","San Juan","business","automotive services in San Juan","servicios automotrices en San Juan","https://spotlightpuertorico.com/puerto-rico/san-juan/automotive/","2 approved automotive listings","live","index"
"184","P2","San Juan","tourism","beaches near San Juan","playas cerca de San Juan","https://spotlightpuertorico.com/puerto-rico/san-juan/beaches/","2 documented beaches with access and safety details","live","index"
"185","P2","San Juan","business","beauty and spa in San Juan","belleza y spa en San Juan","https://spotlightpuertorico.com/puerto-rico/san-juan/beauty-and-spa/","2 approved beauty or spa listings","live","index"
"186","P2","San Juan","food","cafes and bakeries in San Juan","cafés y panaderías en San Juan","https://spotlightpuertorico.com/puerto-rico/san-juan/cafes-and-bakeries/","2 approved café or bakery listings","live","index"
"187","P2","San Juan","tourism","family things to do in San Juan","actividades familiares en San Juan","https://spotlightpuertorico.com/puerto-rico/san-juan/family-activities/","3 documented family-suitable activities","live","index"
"188","P2","San Juan","business","home services in San Juan","servicios para el hogar en San Juan","https://spotlightpuertorico.com/puerto-rico/san-juan/home-services/","2 approved home-service listings","live","index"
"189","P2","San Juan","business","local businesses in San Juan","negocios locales en San Juan","https://spotlightpuertorico.com/puerto-rico/san-juan/local-businesses/","4 approved listings across at least 2 categories","live","index"
"190","P2","San Juan","business","professional services in San Juan","servicios profesionales en San Juan","https://spotlightpuertorico.com/puerto-rico/san-juan/professional-services/","2 approved professional-service listings","live","index"
"191","P2","San Juan","food","restaurants in San Juan","restaurantes en San Juan","https://spotlightpuertorico.com/puerto-rico/san-juan/restaurants/","2 approved restaurant listings","live","index"
"192","P2","San Juan","business","services near me in San Juan","servicios cerca de mí en San Juan","https://spotlightpuertorico.com/puerto-rico/san-juan/services/","3 approved service listings across at least 2 categories","live","index"
"193","P2","San Juan","shopping","shopping in San Juan Puerto Rico","dónde comprar en San Juan Puerto Rico","https://spotlightpuertorico.com/puerto-rico/san-juan/shopping/","2 approved retail listings","live","index"
"194","P2","San Juan","tourism","things to do in San Juan","qué hacer en San Juan","https://spotlightpuertorico.com/puerto-rico/san-juan/things-to-do/","3 approved activities or attractions with distinct descriptions","live","index"
"195","P2","San Juan","tourism","tours in San Juan Puerto Rico","tours en San Juan Puerto Rico","https://spotlightpuertorico.com/puerto-rico/san-juan/tours-and-experiences/","2 approved tours or bookable experiences","live","index"
"196","P2","Vieques","business","automotive services in Vieques","servicios automotrices en Vieques","https://spotlightpuertorico.com/puerto-rico/vieques/automotive/","2 approved automotive listings","live","index"
"197","P2","Vieques","tourism","beaches near Vieques","playas cerca de Vieques","https://spotlightpuertorico.com/puerto-rico/vieques/beaches/","2 documented beaches with access and safety details","live","index"
"198","P2","Vieques","business","beauty and spa in Vieques","belleza y spa en Vieques","https://spotlightpuertorico.com/puerto-rico/vieques/beauty-and-spa/","2 approved beauty or spa listings","live","index"
"199","P2","Vieques","food","cafes and bakeries in Vieques","cafés y panaderías en Vieques","https://spotlightpuertorico.com/puerto-rico/vieques/cafes-and-bakeries/","2 approved café or bakery listings","live","index"
"200","P2","Vieques","tourism","family things to do in Vieques","actividades familiares en Vieques","https://spotlightpuertorico.com/puerto-rico/vieques/family-activities/","3 documented family-suitable activities","live","index"
"201","P2","Vieques","business","home services in Vieques","servicios para el hogar en Vieques","https://spotlightpuertorico.com/puerto-rico/vieques/home-services/","2 approved home-service listings","live","index"
"202","P2","Vieques","business","local businesses in Vieques","negocios locales en Vieques","https://spotlightpuertorico.com/puerto-rico/vieques/local-businesses/","4 approved listings across at least 2 categories","live","index"
"203","P2","Vieques","business","professional services in Vieques","servicios profesionales en Vieques","https://spotlightpuertorico.com/puerto-rico/vieques/professional-services/","2 approved professional-service listings","live","index"
"204","P2","Vieques","food","restaurants in Vieques","restaurantes en Vieques","https://spotlightpuertorico.com/puerto-rico/vieques/restaurants/","2 approved restaurant listings","live","index"
"205","P2","Vieques","business","services near me in Vieques","servicios cerca de mí en Vieques","https://spotlightpuertorico.com/puerto-rico/vieques/services/","3 approved service listings across at least 2 categories","live","index"
"206","P2","Vieques","shopping","shopping in Vieques Puerto Rico","dónde comprar en Vieques Puerto Rico","https://spotlightpuertorico.com/puerto-rico/vieques/shopping/","2 approved retail listings","live","index"
"207","P2","Vieques","tourism","things to do in Vieques","qué hacer en Vieques","https://spotlightpuertorico.com/puerto-rico/vieques/things-to-do/","3 approved activities or attractions with distinct descriptions","live","index"
"208","P2","Vieques","tourism","tours in Vieques Puerto Rico","tours en Vieques Puerto Rico","https://spotlightpuertorico.com/puerto-rico/vieques/tours-and-experiences/","2 approved tours or bookable experiences","live","index"
"209","P2","Adjuntas","business","automotive services in Adjuntas","servicios automotrices en Adjuntas","https://spotlightpuertorico.com/puerto-rico/adjuntas/automotive/","2 approved automotive listings","live","index"
"210","P2","Adjuntas","tourism","beaches near Adjuntas","playas cerca de Adjuntas","https://spotlightpuertorico.com/puerto-rico/adjuntas/beaches/","2 documented beaches with access and safety details","live","index"
"211","P2","Adjuntas","business","beauty and spa in Adjuntas","belleza y spa en Adjuntas","https://spotlightpuertorico.com/puerto-rico/adjuntas/beauty-and-spa/","2 approved beauty or spa listings","live","index"
"212","P2","Adjuntas","food","cafes and bakeries in Adjuntas","cafés y panaderías en Adjuntas","https://spotlightpuertorico.com/puerto-rico/adjuntas/cafes-and-bakeries/","2 approved café or bakery listings","live","index"
"213","P2","Adjuntas","tourism","family things to do in Adjuntas","actividades familiares en Adjuntas","https://spotlightpuertorico.com/puerto-rico/adjuntas/family-activities/","3 documented family-suitable activities","live","index"
"214","P2","Adjuntas","business","home services in Adjuntas","servicios para el hogar en Adjuntas","https://spotlightpuertorico.com/puerto-rico/adjuntas/home-services/","2 approved home-service listings","live","index"
"215","P2","Adjuntas","business","local businesses in Adjuntas","negocios locales en Adjuntas","https://spotlightpuertorico.com/puerto-rico/adjuntas/local-businesses/","4 approved listings across at least 2 categories","live","index"
"216","P2","Adjuntas","business","professional services in Adjuntas","servicios profesionales en Adjuntas","https://spotlightpuertorico.com/puerto-rico/adjuntas/professional-services/","2 approved professional-service listings","live","index"
"217","P2","Adjuntas","food","restaurants in Adjuntas","restaurantes en Adjuntas","https://spotlightpuertorico.com/puerto-rico/adjuntas/restaurants/","2 approved restaurant listings","live","index"
"218","P2","Adjuntas","business","services near me in Adjuntas","servicios cerca de mí en Adjuntas","https://spotlightpuertorico.com/puerto-rico/adjuntas/services/","3 approved service listings across at least 2 categories","live","index"
"219","P2","Adjuntas","shopping","shopping in Adjuntas Puerto Rico","dónde comprar en Adjuntas Puerto Rico","https://spotlightpuertorico.com/puerto-rico/adjuntas/shopping/","2 approved retail listings","live","index"
"220","P2","Adjuntas","tourism","things to do in Adjuntas","qué hacer en Adjuntas","https://spotlightpuertorico.com/puerto-rico/adjuntas/things-to-do/","3 approved activities or attractions with distinct descriptions","live","index"
"221","P2","Adjuntas","tourism","tours in Adjuntas Puerto Rico","tours en Adjuntas Puerto Rico","https://spotlightpuertorico.com/puerto-rico/adjuntas/tours-and-experiences/","2 approved tours or bookable experiences","live","index"
"222","P2","Aguada","business","automotive services in Aguada","servicios automotrices en Aguada","https://spotlightpuertorico.com/puerto-rico/aguada/automotive/","2 approved automotive listings","live","index"
"223","P2","Aguada","tourism","beaches near Aguada","playas cerca de Aguada","https://spotlightpuertorico.com/puerto-rico/aguada/beaches/","2 documented beaches with access and safety details","live","index"
"224","P2","Aguada","business","beauty and spa in Aguada","belleza y spa en Aguada","https://spotlightpuertorico.com/puerto-rico/aguada/beauty-and-spa/","2 approved beauty or spa listings","live","index"
"225","P2","Aguada","food","cafes and bakeries in Aguada","cafés y panaderías en Aguada","https://spotlightpuertorico.com/puerto-rico/aguada/cafes-and-bakeries/","2 approved café or bakery listings","live","index"
"226","P2","Aguada","tourism","family things to do in Aguada","actividades familiares en Aguada","https://spotlightpuertorico.com/puerto-rico/aguada/family-activities/","3 documented family-suitable activities","live","index"
"227","P2","Aguada","business","home services in Aguada","servicios para el hogar en Aguada","https://spotlightpuertorico.com/puerto-rico/aguada/home-services/","2 approved home-service listings","live","index"
"228","P2","Aguada","business","local businesses in Aguada","negocios locales en Aguada","https://spotlightpuertorico.com/puerto-rico/aguada/local-businesses/","4 approved listings across at least 2 categories","live","index"
"229","P2","Aguada","business","professional services in Aguada","servicios profesionales en Aguada","https://spotlightpuertorico.com/puerto-rico/aguada/professional-services/","2 approved professional-service listings","live","index"
"230","P2","Aguada","food","restaurants in Aguada","restaurantes en Aguada","https://spotlightpuertorico.com/puerto-rico/aguada/restaurants/","2 approved restaurant listings","live","index"
"231","P2","Aguada","business","services near me in Aguada","servicios cerca de mí en Aguada","https://spotlightpuertorico.com/puerto-rico/aguada/services/","3 approved service listings across at least 2 categories","live","index"
"232","P2","Aguada","shopping","shopping in Aguada Puerto Rico","dónde comprar en Aguada Puerto Rico","https://spotlightpuertorico.com/puerto-rico/aguada/shopping/","2 approved retail listings","live","index"
"233","P2","Aguada","tourism","things to do in Aguada","qué hacer en Aguada","https://spotlightpuertorico.com/puerto-rico/aguada/things-to-do/","3 approved activities or attractions with distinct descriptions","live","index"
"234","P2","Aguada","tourism","tours in Aguada Puerto Rico","tours en Aguada Puerto Rico","https://spotlightpuertorico.com/puerto-rico/aguada/tours-and-experiences/","2 approved tours or bookable experiences","live","index"
"235","P2","Aguas Buenas","business","automotive services in Aguas Buenas","servicios automotrices en Aguas Buenas","https://spotlightpuertorico.com/puerto-rico/aguas-buenas/automotive/","2 approved automotive listings","live","index"
"236","P2","Aguas Buenas","tourism","beaches near Aguas Buenas","playas cerca de Aguas Buenas","https://spotlightpuertorico.com/puerto-rico/aguas-buenas/beaches/","2 documented beaches with access and safety details","live","index"
"237","P2","Aguas Buenas","business","beauty and spa in Aguas Buenas","belleza y spa en Aguas Buenas","https://spotlightpuertorico.com/puerto-rico/aguas-buenas/beauty-and-spa/","2 approved beauty or spa listings","live","index"
"238","P2","Aguas Buenas","food","cafes and bakeries in Aguas Buenas","cafés y panaderías en Aguas Buenas","https://spotlightpuertorico.com/puerto-rico/aguas-buenas/cafes-and-bakeries/","2 approved café or bakery listings","live","index"
"239","P2","Aguas Buenas","tourism","family things to do in Aguas Buenas","actividades familiares en Aguas Buenas","https://spotlightpuertorico.com/puerto-rico/aguas-buenas/family-activities/","3 documented family-suitable activities","live","index"
"240","P2","Aguas Buenas","business","home services in Aguas Buenas","servicios para el hogar en Aguas Buenas","https://spotlightpuertorico.com/puerto-rico/aguas-buenas/home-services/","2 approved home-service listings","live","index"
"241","P2","Aguas Buenas","business","local businesses in Aguas Buenas","negocios locales en Aguas Buenas","https://spotlightpuertorico.com/puerto-rico/aguas-buenas/local-businesses/","4 approved listings across at least 2 categories","live","index"
"242","P2","Aguas Buenas","business","professional services in Aguas Buenas","servicios profesionales en Aguas Buenas","https://spotlightpuertorico.com/puerto-rico/aguas-buenas/professional-services/","2 approved professional-service listings","live","index"
"243","P2","Aguas Buenas","food","restaurants in Aguas Buenas","restaurantes en Aguas Buenas","https://spotlightpuertorico.com/puerto-rico/aguas-buenas/restaurants/","2 approved restaurant listings","live","index"
"244","P2","Aguas Buenas","business","services near me in Aguas Buenas","servicios cerca de mí en Aguas Buenas","https://spotlightpuertorico.com/puerto-rico/aguas-buenas/services/","3 approved service listings across at least 2 categories","live","index"
"245","P2","Aguas Buenas","shopping","shopping in Aguas Buenas Puerto Rico","dónde comprar en Aguas Buenas Puerto Rico","https://spotlightpuertorico.com/puerto-rico/aguas-buenas/shopping/","2 approved retail listings","live","index"
"246","P2","Aguas Buenas","tourism","things to do in Aguas Buenas","qué hacer en Aguas Buenas","https://spotlightpuertorico.com/puerto-rico/aguas-buenas/things-to-do/","3 approved activities or attractions with distinct descriptions","live","index"
"247","P2","Aguas Buenas","tourism","tours in Aguas Buenas Puerto Rico","tours en Aguas Buenas Puerto Rico","https://spotlightpuertorico.com/puerto-rico/aguas-buenas/tours-and-experiences/","2 approved tours or bookable experiences","live","index"
"248","P2","Aibonito","business","automotive services in Aibonito","servicios automotrices en Aibonito","https://spotlightpuertorico.com/puerto-rico/aibonito/automotive/","2 approved automotive listings","live","index"
"249","P2","Aibonito","tourism","beaches near Aibonito","playas cerca de Aibonito","https://spotlightpuertorico.com/puerto-rico/aibonito/beaches/","2 documented beaches with access and safety details","live","index"
"250","P2","Aibonito","business","beauty and spa in Aibonito","belleza y spa en Aibonito","https://spotlightpuertorico.com/puerto-rico/aibonito/beauty-and-spa/","2 approved beauty or spa listings","live","index"
"251","P3","Aibonito","food","cafes and bakeries in Aibonito","cafés y panaderías en Aibonito","https://spotlightpuertorico.com/puerto-rico/aibonito/cafes-and-bakeries/","2 approved café or bakery listings","live","index"
"252","P3","Aibonito","tourism","family things to do in Aibonito","actividades familiares en Aibonito","https://spotlightpuertorico.com/puerto-rico/aibonito/family-activities/","3 documented family-suitable activities","live","index"
"253","P3","Aibonito","business","home services in Aibonito","servicios para el hogar en Aibonito","https://spotlightpuertorico.com/puerto-rico/aibonito/home-services/","2 approved home-service listings","live","index"
"254","P3","Aibonito","business","local businesses in Aibonito","negocios locales en Aibonito","https://spotlightpuertorico.com/puerto-rico/aibonito/local-businesses/","4 approved listings across at least 2 categories","live","index"
"255","P3","Aibonito","business","professional services in Aibonito","servicios profesionales en Aibonito","https://spotlightpuertorico.com/puerto-rico/aibonito/professional-services/","2 approved professional-service listings","live","index"
"256","P3","Aibonito","food","restaurants in Aibonito","restaurantes en Aibonito","https://spotlightpuertorico.com/puerto-rico/aibonito/restaurants/","2 approved restaurant listings","live","index"
"257","P3","Aibonito","business","services near me in Aibonito","servicios cerca de mí en Aibonito","https://spotlightpuertorico.com/puerto-rico/aibonito/services/","3 approved service listings across at least 2 categories","live","index"
"258","P3","Aibonito","shopping","shopping in Aibonito Puerto Rico","dónde comprar en Aibonito Puerto Rico","https://spotlightpuertorico.com/puerto-rico/aibonito/shopping/","2 approved retail listings","live","index"
"259","P3","Aibonito","tourism","things to do in Aibonito","qué hacer en Aibonito","https://spotlightpuertorico.com/puerto-rico/aibonito/things-to-do/","3 approved activities or attractions with distinct descriptions","live","index"
"260","P3","Aibonito","tourism","tours in Aibonito Puerto Rico","tours en Aibonito Puerto Rico","https://spotlightpuertorico.com/puerto-rico/aibonito/tours-and-experiences/","2 approved tours or bookable experiences","live","index"
"261","P3","Añasco","business","automotive services in Añasco","servicios automotrices en Añasco","https://spotlightpuertorico.com/puerto-rico/anasco/automotive/","2 approved automotive listings","live","index"
"262","P3","Añasco","tourism","beaches near Añasco","playas cerca de Añasco","https://spotlightpuertorico.com/puerto-rico/anasco/beaches/","2 documented beaches with access and safety details","live","index"
"263","P3","Añasco","business","beauty and spa in Añasco","belleza y spa en Añasco","https://spotlightpuertorico.com/puerto-rico/anasco/beauty-and-spa/","2 approved beauty or spa listings","live","index"
"264","P3","Añasco","food","cafes and bakeries in Añasco","cafés y panaderías en Añasco","https://spotlightpuertorico.com/puerto-rico/anasco/cafes-and-bakeries/","2 approved café or bakery listings","live","index"
"265","P3","Añasco","tourism","family things to do in Añasco","actividades familiares en Añasco","https://spotlightpuertorico.com/puerto-rico/anasco/family-activities/","3 documented family-suitable activities","live","index"
"266","P3","Añasco","business","home services in Añasco","servicios para el hogar en Añasco","https://spotlightpuertorico.com/puerto-rico/anasco/home-services/","2 approved home-service listings","live","index"
"267","P3","Añasco","business","local businesses in Añasco","negocios locales en Añasco","https://spotlightpuertorico.com/puerto-rico/anasco/local-businesses/","4 approved listings across at least 2 categories","live","index"
"268","P3","Añasco","business","professional services in Añasco","servicios profesionales en Añasco","https://spotlightpuertorico.com/puerto-rico/anasco/professional-services/","2 approved professional-service listings","live","index"
"269","P3","Añasco","food","restaurants in Añasco","restaurantes en Añasco","https://spotlightpuertorico.com/puerto-rico/anasco/restaurants/","2 approved restaurant listings","live","index"
"270","P3","Añasco","business","services near me in Añasco","servicios cerca de mí en Añasco","https://spotlightpuertorico.com/puerto-rico/anasco/services/","3 approved service listings across at least 2 categories","live","index"
"271","P3","Añasco","shopping","shopping in Añasco Puerto Rico","dónde comprar en Añasco Puerto Rico","https://spotlightpuertorico.com/puerto-rico/anasco/shopping/","2 approved retail listings","live","index"
"272","P3","Añasco","tourism","things to do in Añasco","qué hacer en Añasco","https://spotlightpuertorico.com/puerto-rico/anasco/things-to-do/","3 approved activities or attractions with distinct descriptions","live","index"
"273","P3","Añasco","tourism","tours in Añasco Puerto Rico","tours en Añasco Puerto Rico","https://spotlightpuertorico.com/puerto-rico/anasco/tours-and-experiences/","2 approved tours or bookable experiences","live","index"
"274","P3","Arroyo","business","automotive services in Arroyo","servicios automotrices en Arroyo","https://spotlightpuertorico.com/puerto-rico/arroyo/automotive/","2 approved automotive listings","live","index"
"275","P3","Arroyo","tourism","beaches near Arroyo","playas cerca de Arroyo","https://spotlightpuertorico.com/puerto-rico/arroyo/beaches/","2 documented beaches with access and safety details","live","index"
"276","P3","Arroyo","business","beauty and spa in Arroyo","belleza y spa en Arroyo","https://spotlightpuertorico.com/puerto-rico/arroyo/beauty-and-spa/","2 approved beauty or spa listings","live","index"
"277","P3","Arroyo","food","cafes and bakeries in Arroyo","cafés y panaderías en Arroyo","https://spotlightpuertorico.com/puerto-rico/arroyo/cafes-and-bakeries/","2 approved café or bakery listings","live","index"
"278","P3","Arroyo","tourism","family things to do in Arroyo","actividades familiares en Arroyo","https://spotlightpuertorico.com/puerto-rico/arroyo/family-activities/","3 documented family-suitable activities","live","index"
"279","P3","Arroyo","business","home services in Arroyo","servicios para el hogar en Arroyo","https://spotlightpuertorico.com/puerto-rico/arroyo/home-services/","2 approved home-service listings","live","index"
"280","P3","Arroyo","business","local businesses in Arroyo","negocios locales en Arroyo","https://spotlightpuertorico.com/puerto-rico/arroyo/local-businesses/","4 approved listings across at least 2 categories","live","index"
"281","P3","Arroyo","business","professional services in Arroyo","servicios profesionales en Arroyo","https://spotlightpuertorico.com/puerto-rico/arroyo/professional-services/","2 approved professional-service listings","live","index"
"282","P3","Arroyo","food","restaurants in Arroyo","restaurantes en Arroyo","https://spotlightpuertorico.com/puerto-rico/arroyo/restaurants/","2 approved restaurant listings","live","index"
"283","P3","Arroyo","business","services near me in Arroyo","servicios cerca de mí en Arroyo","https://spotlightpuertorico.com/puerto-rico/arroyo/services/","3 approved service listings across at least 2 categories","live","index"
"284","P3","Arroyo","shopping","shopping in Arroyo Puerto Rico","dónde comprar en Arroyo Puerto Rico","https://spotlightpuertorico.com/puerto-rico/arroyo/shopping/","2 approved retail listings","live","index"
"285","P3","Arroyo","tourism","things to do in Arroyo","qué hacer en Arroyo","https://spotlightpuertorico.com/puerto-rico/arroyo/things-to-do/","3 approved activities or attractions with distinct descriptions","live","index"
"286","P3","Arroyo","tourism","tours in Arroyo Puerto Rico","tours en Arroyo Puerto Rico","https://spotlightpuertorico.com/puerto-rico/arroyo/tours-and-experiences/","2 approved tours or bookable experiences","live","index"
"287","P3","Barceloneta","business","automotive services in Barceloneta","servicios automotrices en Barceloneta","https://spotlightpuertorico.com/puerto-rico/barceloneta/automotive/","2 approved automotive listings","live","index"
"288","P3","Barceloneta","tourism","beaches near Barceloneta","playas cerca de Barceloneta","https://spotlightpuertorico.com/puerto-rico/barceloneta/beaches/","2 documented beaches with access and safety details","live","index"
"289","P3","Barceloneta","business","beauty and spa in Barceloneta","belleza y spa en Barceloneta","https://spotlightpuertorico.com/puerto-rico/barceloneta/beauty-and-spa/","2 approved beauty or spa listings","live","index"
"290","P3","Barceloneta","food","cafes and bakeries in Barceloneta","cafés y panaderías en Barceloneta","https://spotlightpuertorico.com/puerto-rico/barceloneta/cafes-and-bakeries/","2 approved café or bakery listings","live","index"
"291","P3","Barceloneta","tourism","family things to do in Barceloneta","actividades familiares en Barceloneta","https://spotlightpuertorico.com/puerto-rico/barceloneta/family-activities/","3 documented family-suitable activities","live","index"
"292","P3","Barceloneta","business","home services in Barceloneta","servicios para el hogar en Barceloneta","https://spotlightpuertorico.com/puerto-rico/barceloneta/home-services/","2 approved home-service listings","live","index"
"293","P3","Barceloneta","business","local businesses in Barceloneta","negocios locales en Barceloneta","https://spotlightpuertorico.com/puerto-rico/barceloneta/local-businesses/","4 approved listings across at least 2 categories","live","index"
"294","P3","Barceloneta","business","professional services in Barceloneta","servicios profesionales en Barceloneta","https://spotlightpuertorico.com/puerto-rico/barceloneta/professional-services/","2 approved professional-service listings","live","index"
"295","P3","Barceloneta","food","restaurants in Barceloneta","restaurantes en Barceloneta","https://spotlightpuertorico.com/puerto-rico/barceloneta/restaurants/","2 approved restaurant listings","live","index"
"296","P3","Barceloneta","business","services near me in Barceloneta","servicios cerca de mí en Barceloneta","https://spotlightpuertorico.com/puerto-rico/barceloneta/services/","3 approved service listings across at least 2 categories","live","index"
"297","P3","Barceloneta","shopping","shopping in Barceloneta Puerto Rico","dónde comprar en Barceloneta Puerto Rico","https://spotlightpuertorico.com/puerto-rico/barceloneta/shopping/","2 approved retail listings","live","index"
"298","P3","Barceloneta","tourism","things to do in Barceloneta","qué hacer en Barceloneta","https://spotlightpuertorico.com/puerto-rico/barceloneta/things-to-do/","3 approved activities or attractions with distinct descriptions","live","index"
"299","P3","Barceloneta","tourism","tours in Barceloneta Puerto Rico","tours en Barceloneta Puerto Rico","https://spotlightpuertorico.com/puerto-rico/barceloneta/tours-and-experiences/","2 approved tours or bookable experiences","live","index"
"300","P3","Barranquitas","business","automotive services in Barranquitas","servicios automotrices en Barranquitas","https://spotlightpuertorico.com/puerto-rico/barranquitas/automotive/","2 approved automotive listings","live","index"
"301","P3","Barranquitas","tourism","beaches near Barranquitas","playas cerca de Barranquitas","https://spotlightpuertorico.com/puerto-rico/barranquitas/beaches/","2 documented beaches with access and safety details","live","index"
"302","P3","Barranquitas","business","beauty and spa in Barranquitas","belleza y spa en Barranquitas","https://spotlightpuertorico.com/puerto-rico/barranquitas/beauty-and-spa/","2 approved beauty or spa listings","live","index"
"303","P3","Barranquitas","food","cafes and bakeries in Barranquitas","cafés y panaderías en Barranquitas","https://spotlightpuertorico.com/puerto-rico/barranquitas/cafes-and-bakeries/","2 approved café or bakery listings","live","index"
"304","P3","Barranquitas","tourism","family things to do in Barranquitas","actividades familiares en Barranquitas","https://spotlightpuertorico.com/puerto-rico/barranquitas/family-activities/","3 documented family-suitable activities","live","index"
"305","P3","Barranquitas","business","home services in Barranquitas","servicios para el hogar en Barranquitas","https://spotlightpuertorico.com/puerto-rico/barranquitas/home-services/","2 approved home-service listings","live","index"
"306","P3","Barranquitas","business","local businesses in Barranquitas","negocios locales en Barranquitas","https://spotlightpuertorico.com/puerto-rico/barranquitas/local-businesses/","4 approved listings across at least 2 categories","live","index"
"307","P3","Barranquitas","business","professional services in Barranquitas","servicios profesionales en Barranquitas","https://spotlightpuertorico.com/puerto-rico/barranquitas/professional-services/","2 approved professional-service listings","live","index"
"308","P3","Barranquitas","food","restaurants in Barranquitas","restaurantes en Barranquitas","https://spotlightpuertorico.com/puerto-rico/barranquitas/restaurants/","2 approved restaurant listings","live","index"
"309","P3","Barranquitas","business","services near me in Barranquitas","servicios cerca de mí en Barranquitas","https://spotlightpuertorico.com/puerto-rico/barranquitas/services/","3 approved service listings across at least 2 categories","live","index"
"310","P3","Barranquitas","shopping","shopping in Barranquitas Puerto Rico","dónde comprar en Barranquitas Puerto Rico","https://spotlightpuertorico.com/puerto-rico/barranquitas/shopping/","2 approved retail listings","live","index"
"311","P3","Barranquitas","tourism","things to do in Barranquitas","qué hacer en Barranquitas","https://spotlightpuertorico.com/puerto-rico/barranquitas/things-to-do/","3 approved activities or attractions with distinct descriptions","live","index"
"312","P3","Barranquitas","tourism","tours in Barranquitas Puerto Rico","tours en Barranquitas Puerto Rico","https://spotlightpuertorico.com/puerto-rico/barranquitas/tours-and-experiences/","2 approved tours or bookable experiences","live","index"
"313","P3","Camuy","business","automotive services in Camuy","servicios automotrices en Camuy","https://spotlightpuertorico.com/puerto-rico/camuy/automotive/","2 approved automotive listings","live","index"
"314","P3","Camuy","tourism","beaches near Camuy","playas cerca de Camuy","https://spotlightpuertorico.com/puerto-rico/camuy/beaches/","2 documented beaches with access and safety details","live","index"
"315","P3","Camuy","business","beauty and spa in Camuy","belleza y spa en Camuy","https://spotlightpuertorico.com/puerto-rico/camuy/beauty-and-spa/","2 approved beauty or spa listings","live","index"
"316","P3","Camuy","food","cafes and bakeries in Camuy","cafés y panaderías en Camuy","https://spotlightpuertorico.com/puerto-rico/camuy/cafes-and-bakeries/","2 approved café or bakery listings","live","index"
"317","P3","Camuy","tourism","family things to do in Camuy","actividades familiares en Camuy","https://spotlightpuertorico.com/puerto-rico/camuy/family-activities/","3 documented family-suitable activities","live","index"
"318","P3","Camuy","business","home services in Camuy","servicios para el hogar en Camuy","https://spotlightpuertorico.com/puerto-rico/camuy/home-services/","2 approved home-service listings","live","index"
"319","P3","Camuy","business","local businesses in Camuy","negocios locales en Camuy","https://spotlightpuertorico.com/puerto-rico/camuy/local-businesses/","4 approved listings across at least 2 categories","live","index"
"320","P3","Camuy","business","professional services in Camuy","servicios profesionales en Camuy","https://spotlightpuertorico.com/puerto-rico/camuy/professional-services/","2 approved professional-service listings","live","index"
"321","P3","Camuy","food","restaurants in Camuy","restaurantes en Camuy","https://spotlightpuertorico.com/puerto-rico/camuy/restaurants/","2 approved restaurant listings","live","index"
"322","P3","Camuy","business","services near me in Camuy","servicios cerca de mí en Camuy","https://spotlightpuertorico.com/puerto-rico/camuy/services/","3 approved service listings across at least 2 categories","live","index"
"323","P3","Camuy","shopping","shopping in Camuy Puerto Rico","dónde comprar en Camuy Puerto Rico","https://spotlightpuertorico.com/puerto-rico/camuy/shopping/","2 approved retail listings","live","index"
"324","P3","Camuy","tourism","things to do in Camuy","qué hacer en Camuy","https://spotlightpuertorico.com/puerto-rico/camuy/things-to-do/","3 approved activities or attractions with distinct descriptions","live","index"
"325","P3","Camuy","tourism","tours in Camuy Puerto Rico","tours en Camuy Puerto Rico","https://spotlightpuertorico.com/puerto-rico/camuy/tours-and-experiences/","2 approved tours or bookable experiences","live","index"
"326","P3","Canóvanas","business","automotive services in Canóvanas","servicios automotrices en Canóvanas","https://spotlightpuertorico.com/puerto-rico/canovanas/automotive/","2 approved automotive listings","live","index"
"327","P3","Canóvanas","tourism","beaches near Canóvanas","playas cerca de Canóvanas","https://spotlightpuertorico.com/puerto-rico/canovanas/beaches/","2 documented beaches with access and safety details","live","index"
"328","P3","Canóvanas","business","beauty and spa in Canóvanas","belleza y spa en Canóvanas","https://spotlightpuertorico.com/puerto-rico/canovanas/beauty-and-spa/","2 approved beauty or spa listings","live","index"
"329","P3","Canóvanas","food","cafes and bakeries in Canóvanas","cafés y panaderías en Canóvanas","https://spotlightpuertorico.com/puerto-rico/canovanas/cafes-and-bakeries/","2 approved café or bakery listings","live","index"
"330","P3","Canóvanas","tourism","family things to do in Canóvanas","actividades familiares en Canóvanas","https://spotlightpuertorico.com/puerto-rico/canovanas/family-activities/","3 documented family-suitable activities","live","index"
"331","P3","Canóvanas","business","home services in Canóvanas","servicios para el hogar en Canóvanas","https://spotlightpuertorico.com/puerto-rico/canovanas/home-services/","2 approved home-service listings","live","index"
"332","P3","Canóvanas","business","local businesses in Canóvanas","negocios locales en Canóvanas","https://spotlightpuertorico.com/puerto-rico/canovanas/local-businesses/","4 approved listings across at least 2 categories","live","index"
"333","P3","Canóvanas","business","professional services in Canóvanas","servicios profesionales en Canóvanas","https://spotlightpuertorico.com/puerto-rico/canovanas/professional-services/","2 approved professional-service listings","live","index"
"334","P3","Canóvanas","food","restaurants in Canóvanas","restaurantes en Canóvanas","https://spotlightpuertorico.com/puerto-rico/canovanas/restaurants/","2 approved restaurant listings","live","index"
"335","P3","Canóvanas","business","services near me in Canóvanas","servicios cerca de mí en Canóvanas","https://spotlightpuertorico.com/puerto-rico/canovanas/services/","3 approved service listings across at least 2 categories","live","index"
"336","P3","Canóvanas","shopping","shopping in Canóvanas Puerto Rico","dónde comprar en Canóvanas Puerto Rico","https://spotlightpuertorico.com/puerto-rico/canovanas/shopping/","2 approved retail listings","live","index"
"337","P3","Canóvanas","tourism","things to do in Canóvanas","qué hacer en Canóvanas","https://spotlightpuertorico.com/puerto-rico/canovanas/things-to-do/","3 approved activities or attractions with distinct descriptions","live","index"
"338","P3","Canóvanas","tourism","tours in Canóvanas Puerto Rico","tours en Canóvanas Puerto Rico","https://spotlightpuertorico.com/puerto-rico/canovanas/tours-and-experiences/","2 approved tours or bookable experiences","live","index"
"339","P3","Cataño","business","automotive services in Cataño","servicios automotrices en Cataño","https://spotlightpuertorico.com/puerto-rico/catano/automotive/","2 approved automotive listings","live","index"
"340","P3","Cataño","tourism","beaches near Cataño","playas cerca de Cataño","https://spotlightpuertorico.com/puerto-rico/catano/beaches/","2 documented beaches with access and safety details","live","index"
"341","P3","Cataño","business","beauty and spa in Cataño","belleza y spa en Cataño","https://spotlightpuertorico.com/puerto-rico/catano/beauty-and-spa/","2 approved beauty or spa listings","live","index"
"342","P3","Cataño","food","cafes and bakeries in Cataño","cafés y panaderías en Cataño","https://spotlightpuertorico.com/puerto-rico/catano/cafes-and-bakeries/","2 approved café or bakery listings","live","index"
"343","P3","Cataño","tourism","family things to do in Cataño","actividades familiares en Cataño","https://spotlightpuertorico.com/puerto-rico/catano/family-activities/","3 documented family-suitable activities","live","index"
"344","P3","Cataño","business","home services in Cataño","servicios para el hogar en Cataño","https://spotlightpuertorico.com/puerto-rico/catano/home-services/","2 approved home-service listings","live","index"
"345","P3","Cataño","business","local businesses in Cataño","negocios locales en Cataño","https://spotlightpuertorico.com/puerto-rico/catano/local-businesses/","4 approved listings across at least 2 categories","live","index"
"346","P3","Cataño","business","professional services in Cataño","servicios profesionales en Cataño","https://spotlightpuertorico.com/puerto-rico/catano/professional-services/","2 approved professional-service listings","live","index"
"347","P3","Cataño","food","restaurants in Cataño","restaurantes en Cataño","https://spotlightpuertorico.com/puerto-rico/catano/restaurants/","2 approved restaurant listings","live","index"
"348","P3","Cataño","business","services near me in Cataño","servicios cerca de mí en Cataño","https://spotlightpuertorico.com/puerto-rico/catano/services/","3 approved service listings across at least 2 categories","live","index"
"349","P3","Cataño","shopping","shopping in Cataño Puerto Rico","dónde comprar en Cataño Puerto Rico","https://spotlightpuertorico.com/puerto-rico/catano/shopping/","2 approved retail listings","live","index"
"350","P3","Cataño","tourism","things to do in Cataño","qué hacer en Cataño","https://spotlightpuertorico.com/puerto-rico/catano/things-to-do/","3 approved activities or attractions with distinct descriptions","live","index"
"351","P3","Cataño","tourism","tours in Cataño Puerto Rico","tours en Cataño Puerto Rico","https://spotlightpuertorico.com/puerto-rico/catano/tours-and-experiences/","2 approved tours or bookable experiences","live","index"
"352","P3","Cayey","business","automotive services in Cayey","servicios automotrices en Cayey","https://spotlightpuertorico.com/puerto-rico/cayey/automotive/","2 approved automotive listings","live","index"
"353","P3","Cayey","tourism","beaches near Cayey","playas cerca de Cayey","https://spotlightpuertorico.com/puerto-rico/cayey/beaches/","2 documented beaches with access and safety details","live","index"
"354","P3","Cayey","business","beauty and spa in Cayey","belleza y spa en Cayey","https://spotlightpuertorico.com/puerto-rico/cayey/beauty-and-spa/","2 approved beauty or spa listings","live","index"
"355","P3","Cayey","food","cafes and bakeries in Cayey","cafés y panaderías en Cayey","https://spotlightpuertorico.com/puerto-rico/cayey/cafes-and-bakeries/","2 approved café or bakery listings","live","index"
"356","P3","Cayey","tourism","family things to do in Cayey","actividades familiares en Cayey","https://spotlightpuertorico.com/puerto-rico/cayey/family-activities/","3 documented family-suitable activities","live","index"
"357","P3","Cayey","business","home services in Cayey","servicios para el hogar en Cayey","https://spotlightpuertorico.com/puerto-rico/cayey/home-services/","2 approved home-service listings","live","index"
"358","P3","Cayey","business","local businesses in Cayey","negocios locales en Cayey","https://spotlightpuertorico.com/puerto-rico/cayey/local-businesses/","4 approved listings across at least 2 categories","live","index"
"359","P3","Cayey","business","professional services in Cayey","servicios profesionales en Cayey","https://spotlightpuertorico.com/puerto-rico/cayey/professional-services/","2 approved professional-service listings","live","index"
"360","P3","Cayey","food","restaurants in Cayey","restaurantes en Cayey","https://spotlightpuertorico.com/puerto-rico/cayey/restaurants/","2 approved restaurant listings","live","index"
"361","P3","Cayey","business","services near me in Cayey","servicios cerca de mí en Cayey","https://spotlightpuertorico.com/puerto-rico/cayey/services/","3 approved service listings across at least 2 categories","live","index"
"362","P3","Cayey","shopping","shopping in Cayey Puerto Rico","dónde comprar en Cayey Puerto Rico","https://spotlightpuertorico.com/puerto-rico/cayey/shopping/","2 approved retail listings","live","index"
"363","P3","Cayey","tourism","things to do in Cayey","qué hacer en Cayey","https://spotlightpuertorico.com/puerto-rico/cayey/things-to-do/","3 approved activities or attractions with distinct descriptions","live","index"
"364","P3","Cayey","tourism","tours in Cayey Puerto Rico","tours en Cayey Puerto Rico","https://spotlightpuertorico.com/puerto-rico/cayey/tours-and-experiences/","2 approved tours or bookable experiences","live","index"
"365","P3","Ceiba","business","automotive services in Ceiba","servicios automotrices en Ceiba","https://spotlightpuertorico.com/puerto-rico/ceiba/automotive/","2 approved automotive listings","live","index"
"366","P3","Ceiba","tourism","beaches near Ceiba","playas cerca de Ceiba","https://spotlightpuertorico.com/puerto-rico/ceiba/beaches/","2 documented beaches with access and safety details","live","index"
"367","P3","Ceiba","business","beauty and spa in Ceiba","belleza y spa en Ceiba","https://spotlightpuertorico.com/puerto-rico/ceiba/beauty-and-spa/","2 approved beauty or spa listings","live","index"
"368","P3","Ceiba","food","cafes and bakeries in Ceiba","cafés y panaderías en Ceiba","https://spotlightpuertorico.com/puerto-rico/ceiba/cafes-and-bakeries/","2 approved café or bakery listings","live","index"
"369","P3","Ceiba","tourism","family things to do in Ceiba","actividades familiares en Ceiba","https://spotlightpuertorico.com/puerto-rico/ceiba/family-activities/","3 documented family-suitable activities","live","index"
"370","P3","Ceiba","business","home services in Ceiba","servicios para el hogar en Ceiba","https://spotlightpuertorico.com/puerto-rico/ceiba/home-services/","2 approved home-service listings","live","index"
"371","P3","Ceiba","business","local businesses in Ceiba","negocios locales en Ceiba","https://spotlightpuertorico.com/puerto-rico/ceiba/local-businesses/","4 approved listings across at least 2 categories","live","index"
"372","P3","Ceiba","business","professional services in Ceiba","servicios profesionales en Ceiba","https://spotlightpuertorico.com/puerto-rico/ceiba/professional-services/","2 approved professional-service listings","live","index"
"373","P3","Ceiba","food","restaurants in Ceiba","restaurantes en Ceiba","https://spotlightpuertorico.com/puerto-rico/ceiba/restaurants/","2 approved restaurant listings","live","index"
"374","P3","Ceiba","business","services near me in Ceiba","servicios cerca de mí en Ceiba","https://spotlightpuertorico.com/puerto-rico/ceiba/services/","3 approved service listings across at least 2 categories","live","index"
"375","P3","Ceiba","shopping","shopping in Ceiba Puerto Rico","dónde comprar en Ceiba Puerto Rico","https://spotlightpuertorico.com/puerto-rico/ceiba/shopping/","2 approved retail listings","live","index"
"376","P3","Ceiba","tourism","things to do in Ceiba","qué hacer en Ceiba","https://spotlightpuertorico.com/puerto-rico/ceiba/things-to-do/","3 approved activities or attractions with distinct descriptions","live","index"
"377","P3","Ceiba","tourism","tours in Ceiba Puerto Rico","tours en Ceiba Puerto Rico","https://spotlightpuertorico.com/puerto-rico/ceiba/tours-and-experiences/","2 approved tours or bookable experiences","live","index"
"378","P3","Ciales","business","automotive services in Ciales","servicios automotrices en Ciales","https://spotlightpuertorico.com/puerto-rico/ciales/automotive/","2 approved automotive listings","live","index"
"379","P3","Ciales","tourism","beaches near Ciales","playas cerca de Ciales","https://spotlightpuertorico.com/puerto-rico/ciales/beaches/","2 documented beaches with access and safety details","live","index"
"380","P3","Ciales","business","beauty and spa in Ciales","belleza y spa en Ciales","https://spotlightpuertorico.com/puerto-rico/ciales/beauty-and-spa/","2 approved beauty or spa listings","live","index"
"381","P3","Ciales","food","cafes and bakeries in Ciales","cafés y panaderías en Ciales","https://spotlightpuertorico.com/puerto-rico/ciales/cafes-and-bakeries/","2 approved café or bakery listings","live","index"
"382","P3","Ciales","tourism","family things to do in Ciales","actividades familiares en Ciales","https://spotlightpuertorico.com/puerto-rico/ciales/family-activities/","3 documented family-suitable activities","live","index"
"383","P3","Ciales","business","home services in Ciales","servicios para el hogar en Ciales","https://spotlightpuertorico.com/puerto-rico/ciales/home-services/","2 approved home-service listings","live","index"
"384","P3","Ciales","business","local businesses in Ciales","negocios locales en Ciales","https://spotlightpuertorico.com/puerto-rico/ciales/local-businesses/","4 approved listings across at least 2 categories","live","index"
"385","P3","Ciales","business","professional services in Ciales","servicios profesionales en Ciales","https://spotlightpuertorico.com/puerto-rico/ciales/professional-services/","2 approved professional-service listings","live","index"
"386","P3","Ciales","food","restaurants in Ciales","restaurantes en Ciales","https://spotlightpuertorico.com/puerto-rico/ciales/restaurants/","2 approved restaurant listings","live","index"
"387","P3","Ciales","business","services near me in Ciales","servicios cerca de mí en Ciales","https://spotlightpuertorico.com/puerto-rico/ciales/services/","3 approved service listings across at least 2 categories","live","index"
"388","P3","Ciales","shopping","shopping in Ciales Puerto Rico","dónde comprar en Ciales Puerto Rico","https://spotlightpuertorico.com/puerto-rico/ciales/shopping/","2 approved retail listings","live","index"
"389","P3","Ciales","tourism","things to do in Ciales","qué hacer en Ciales","https://spotlightpuertorico.com/puerto-rico/ciales/things-to-do/","3 approved activities or attractions with distinct descriptions","live","index"
"390","P3","Ciales","tourism","tours in Ciales Puerto Rico","tours en Ciales Puerto Rico","https://spotlightpuertorico.com/puerto-rico/ciales/tours-and-experiences/","2 approved tours or bookable experiences","live","index"
"391","P3","Cidra","business","automotive services in Cidra","servicios automotrices en Cidra","https://spotlightpuertorico.com/puerto-rico/cidra/automotive/","2 approved automotive listings","live","index"
"392","P3","Cidra","tourism","beaches near Cidra","playas cerca de Cidra","https://spotlightpuertorico.com/puerto-rico/cidra/beaches/","2 documented beaches with access and safety details","live","index"
"393","P3","Cidra","business","beauty and spa in Cidra","belleza y spa en Cidra","https://spotlightpuertorico.com/puerto-rico/cidra/beauty-and-spa/","2 approved beauty or spa listings","live","index"
"394","P3","Cidra","food","cafes and bakeries in Cidra","cafés y panaderías en Cidra","https://spotlightpuertorico.com/puerto-rico/cidra/cafes-and-bakeries/","2 approved café or bakery listings","live","index"
"395","P3","Cidra","tourism","family things to do in Cidra","actividades familiares en Cidra","https://spotlightpuertorico.com/puerto-rico/cidra/family-activities/","3 documented family-suitable activities","live","index"
"396","P3","Cidra","business","home services in Cidra","servicios para el hogar en Cidra","https://spotlightpuertorico.com/puerto-rico/cidra/home-services/","2 approved home-service listings","live","index"
"397","P3","Cidra","business","local businesses in Cidra","negocios locales en Cidra","https://spotlightpuertorico.com/puerto-rico/cidra/local-businesses/","4 approved listings across at least 2 categories","live","index"
"398","P3","Cidra","business","professional services in Cidra","servicios profesionales en Cidra","https://spotlightpuertorico.com/puerto-rico/cidra/professional-services/","2 approved professional-service listings","live","index"
"399","P3","Cidra","food","restaurants in Cidra","restaurantes en Cidra","https://spotlightpuertorico.com/puerto-rico/cidra/restaurants/","2 approved restaurant listings","live","index"
"400","P3","Cidra","business","services near me in Cidra","servicios cerca de mí en Cidra","https://spotlightpuertorico.com/puerto-rico/cidra/services/","3 approved service listings across at least 2 categories","live","index"
"401","P3","Cidra","shopping","shopping in Cidra Puerto Rico","dónde comprar en Cidra Puerto Rico","https://spotlightpuertorico.com/puerto-rico/cidra/shopping/","2 approved retail listings","live","index"
"402","P3","Cidra","tourism","things to do in Cidra","qué hacer en Cidra","https://spotlightpuertorico.com/puerto-rico/cidra/things-to-do/","3 approved activities or attractions with distinct descriptions","live","index"
"403","P3","Cidra","tourism","tours in Cidra Puerto Rico","tours en Cidra Puerto Rico","https://spotlightpuertorico.com/puerto-rico/cidra/tours-and-experiences/","2 approved tours or bookable experiences","live","index"
"404","P3","Coamo","business","automotive services in Coamo","servicios automotrices en Coamo","https://spotlightpuertorico.com/puerto-rico/coamo/automotive/","2 approved automotive listings","live","index"
"405","P3","Coamo","tourism","beaches near Coamo","playas cerca de Coamo","https://spotlightpuertorico.com/puerto-rico/coamo/beaches/","2 documented beaches with access and safety details","live","index"
"406","P3","Coamo","business","beauty and spa in Coamo","belleza y spa en Coamo","https://spotlightpuertorico.com/puerto-rico/coamo/beauty-and-spa/","2 approved beauty or spa listings","live","index"
"407","P3","Coamo","food","cafes and bakeries in Coamo","cafés y panaderías en Coamo","https://spotlightpuertorico.com/puerto-rico/coamo/cafes-and-bakeries/","2 approved café or bakery listings","live","index"
"408","P3","Coamo","tourism","family things to do in Coamo","actividades familiares en Coamo","https://spotlightpuertorico.com/puerto-rico/coamo/family-activities/","3 documented family-suitable activities","live","index"
"409","P3","Coamo","business","home services in Coamo","servicios para el hogar en Coamo","https://spotlightpuertorico.com/puerto-rico/coamo/home-services/","2 approved home-service listings","live","index"
"410","P3","Coamo","business","local businesses in Coamo","negocios locales en Coamo","https://spotlightpuertorico.com/puerto-rico/coamo/local-businesses/","4 approved listings across at least 2 categories","live","index"
"411","P3","Coamo","business","professional services in Coamo","servicios profesionales en Coamo","https://spotlightpuertorico.com/puerto-rico/coamo/professional-services/","2 approved professional-service listings","live","index"
"412","P3","Coamo","food","restaurants in Coamo","restaurantes en Coamo","https://spotlightpuertorico.com/puerto-rico/coamo/restaurants/","2 approved restaurant listings","live","index"
"413","P3","Coamo","business","services near me in Coamo","servicios cerca de mí en Coamo","https://spotlightpuertorico.com/puerto-rico/coamo/services/","3 approved service listings across at least 2 categories","live","index"
"414","P3","Coamo","shopping","shopping in Coamo Puerto Rico","dónde comprar en Coamo Puerto Rico","https://spotlightpuertorico.com/puerto-rico/coamo/shopping/","2 approved retail listings","live","index"
"415","P3","Coamo","tourism","things to do in Coamo","qué hacer en Coamo","https://spotlightpuertorico.com/puerto-rico/coamo/things-to-do/","3 approved activities or attractions with distinct descriptions","live","index"
"416","P3","Coamo","tourism","tours in Coamo Puerto Rico","tours en Coamo Puerto Rico","https://spotlightpuertorico.com/puerto-rico/coamo/tours-and-experiences/","2 approved tours or bookable experiences","live","index"
"417","P3","Comerío","business","automotive services in Comerío","servicios automotrices en Comerío","https://spotlightpuertorico.com/puerto-rico/comerio/automotive/","2 approved automotive listings","live","index"
"418","P3","Comerío","tourism","beaches near Comerío","playas cerca de Comerío","https://spotlightpuertorico.com/puerto-rico/comerio/beaches/","2 documented beaches with access and safety details","live","index"
"419","P3","Comerío","business","beauty and spa in Comerío","belleza y spa en Comerío","https://spotlightpuertorico.com/puerto-rico/comerio/beauty-and-spa/","2 approved beauty or spa listings","live","index"
"420","P3","Comerío","food","cafes and bakeries in Comerío","cafés y panaderías en Comerío","https://spotlightpuertorico.com/puerto-rico/comerio/cafes-and-bakeries/","2 approved café or bakery listings","live","index"
"421","P3","Comerío","tourism","family things to do in Comerío","actividades familiares en Comerío","https://spotlightpuertorico.com/puerto-rico/comerio/family-activities/","3 documented family-suitable activities","live","index"
"422","P3","Comerío","business","home services in Comerío","servicios para el hogar en Comerío","https://spotlightpuertorico.com/puerto-rico/comerio/home-services/","2 approved home-service listings","live","index"
"423","P3","Comerío","business","local businesses in Comerío","negocios locales en Comerío","https://spotlightpuertorico.com/puerto-rico/comerio/local-businesses/","4 approved listings across at least 2 categories","live","index"
"424","P3","Comerío","business","professional services in Comerío","servicios profesionales en Comerío","https://spotlightpuertorico.com/puerto-rico/comerio/professional-services/","2 approved professional-service listings","live","index"
"425","P3","Comerío","food","restaurants in Comerío","restaurantes en Comerío","https://spotlightpuertorico.com/puerto-rico/comerio/restaurants/","2 approved restaurant listings","live","index"
"426","P3","Comerío","business","services near me in Comerío","servicios cerca de mí en Comerío","https://spotlightpuertorico.com/puerto-rico/comerio/services/","3 approved service listings across at least 2 categories","live","index"
"427","P3","Comerío","shopping","shopping in Comerío Puerto Rico","dónde comprar en Comerío Puerto Rico","https://spotlightpuertorico.com/puerto-rico/comerio/shopping/","2 approved retail listings","live","index"
"428","P3","Comerío","tourism","things to do in Comerío","qué hacer en Comerío","https://spotlightpuertorico.com/puerto-rico/comerio/things-to-do/","3 approved activities or attractions with distinct descriptions","live","index"
"429","P3","Comerío","tourism","tours in Comerío Puerto Rico","tours en Comerío Puerto Rico","https://spotlightpuertorico.com/puerto-rico/comerio/tours-and-experiences/","2 approved tours or bookable experiences","live","index"
"430","P3","Corozal","business","automotive services in Corozal","servicios automotrices en Corozal","https://spotlightpuertorico.com/puerto-rico/corozal/automotive/","2 approved automotive listings","live","index"
"431","P3","Corozal","tourism","beaches near Corozal","playas cerca de Corozal","https://spotlightpuertorico.com/puerto-rico/corozal/beaches/","2 documented beaches with access and safety details","live","index"
"432","P3","Corozal","business","beauty and spa in Corozal","belleza y spa en Corozal","https://spotlightpuertorico.com/puerto-rico/corozal/beauty-and-spa/","2 approved beauty or spa listings","live","index"
"433","P3","Corozal","food","cafes and bakeries in Corozal","cafés y panaderías en Corozal","https://spotlightpuertorico.com/puerto-rico/corozal/cafes-and-bakeries/","2 approved café or bakery listings","live","index"
"434","P3","Corozal","tourism","family things to do in Corozal","actividades familiares en Corozal","https://spotlightpuertorico.com/puerto-rico/corozal/family-activities/","3 documented family-suitable activities","live","index"
"435","P3","Corozal","business","home services in Corozal","servicios para el hogar en Corozal","https://spotlightpuertorico.com/puerto-rico/corozal/home-services/","2 approved home-service listings","live","index"
"436","P3","Corozal","business","local businesses in Corozal","negocios locales en Corozal","https://spotlightpuertorico.com/puerto-rico/corozal/local-businesses/","4 approved listings across at least 2 categories","live","index"
"437","P3","Corozal","business","professional services in Corozal","servicios profesionales en Corozal","https://spotlightpuertorico.com/puerto-rico/corozal/professional-services/","2 approved professional-service listings","live","index"
"438","P3","Corozal","food","restaurants in Corozal","restaurantes en Corozal","https://spotlightpuertorico.com/puerto-rico/corozal/restaurants/","2 approved restaurant listings","live","index"
"439","P3","Corozal","business","services near me in Corozal","servicios cerca de mí en Corozal","https://spotlightpuertorico.com/puerto-rico/corozal/services/","3 approved service listings across at least 2 categories","live","index"
"440","P3","Corozal","shopping","shopping in Corozal Puerto Rico","dónde comprar en Corozal Puerto Rico","https://spotlightpuertorico.com/puerto-rico/corozal/shopping/","2 approved retail listings","live","index"
"441","P3","Corozal","tourism","things to do in Corozal","qué hacer en Corozal","https://spotlightpuertorico.com/puerto-rico/corozal/things-to-do/","3 approved activities or attractions with distinct descriptions","live","index"
"442","P3","Corozal","tourism","tours in Corozal Puerto Rico","tours en Corozal Puerto Rico","https://spotlightpuertorico.com/puerto-rico/corozal/tours-and-experiences/","2 approved tours or bookable experiences","live","index"
"443","P3","Florida","business","automotive services in Florida","servicios automotrices en Florida","https://spotlightpuertorico.com/puerto-rico/florida/automotive/","2 approved automotive listings","live","index"
"444","P3","Florida","tourism","beaches near Florida","playas cerca de Florida","https://spotlightpuertorico.com/puerto-rico/florida/beaches/","2 documented beaches with access and safety details","live","index"
"445","P3","Florida","business","beauty and spa in Florida","belleza y spa en Florida","https://spotlightpuertorico.com/puerto-rico/florida/beauty-and-spa/","2 approved beauty or spa listings","live","index"
"446","P3","Florida","food","cafes and bakeries in Florida","cafés y panaderías en Florida","https://spotlightpuertorico.com/puerto-rico/florida/cafes-and-bakeries/","2 approved café or bakery listings","live","index"
"447","P3","Florida","tourism","family things to do in Florida","actividades familiares en Florida","https://spotlightpuertorico.com/puerto-rico/florida/family-activities/","3 documented family-suitable activities","live","index"
"448","P3","Florida","business","home services in Florida","servicios para el hogar en Florida","https://spotlightpuertorico.com/puerto-rico/florida/home-services/","2 approved home-service listings","live","index"
"449","P3","Florida","business","local businesses in Florida","negocios locales en Florida","https://spotlightpuertorico.com/puerto-rico/florida/local-businesses/","4 approved listings across at least 2 categories","live","index"
"450","P3","Florida","business","professional services in Florida","servicios profesionales en Florida","https://spotlightpuertorico.com/puerto-rico/florida/professional-services/","2 approved professional-service listings","live","index"
"451","P3","Florida","food","restaurants in Florida","restaurantes en Florida","https://spotlightpuertorico.com/puerto-rico/florida/restaurants/","2 approved restaurant listings","live","index"
"452","P3","Florida","business","services near me in Florida","servicios cerca de mí en Florida","https://spotlightpuertorico.com/puerto-rico/florida/services/","3 approved service listings across at least 2 categories","live","index"
"453","P3","Florida","shopping","shopping in Florida Puerto Rico","dónde comprar en Florida Puerto Rico","https://spotlightpuertorico.com/puerto-rico/florida/shopping/","2 approved retail listings","live","index"
"454","P3","Florida","tourism","things to do in Florida","qué hacer en Florida","https://spotlightpuertorico.com/puerto-rico/florida/things-to-do/","3 approved activities or attractions with distinct descriptions","live","index"
"455","P3","Florida","tourism","tours in Florida Puerto Rico","tours en Florida Puerto Rico","https://spotlightpuertorico.com/puerto-rico/florida/tours-and-experiences/","2 approved tours or bookable experiences","live","index"
"456","P3","Guánica","business","automotive services in Guánica","servicios automotrices en Guánica","https://spotlightpuertorico.com/puerto-rico/guanica/automotive/","2 approved automotive listings","live","index"
"457","P3","Guánica","tourism","beaches near Guánica","playas cerca de Guánica","https://spotlightpuertorico.com/puerto-rico/guanica/beaches/","2 documented beaches with access and safety details","live","index"
"458","P3","Guánica","business","beauty and spa in Guánica","belleza y spa en Guánica","https://spotlightpuertorico.com/puerto-rico/guanica/beauty-and-spa/","2 approved beauty or spa listings","live","index"
"459","P3","Guánica","food","cafes and bakeries in Guánica","cafés y panaderías en Guánica","https://spotlightpuertorico.com/puerto-rico/guanica/cafes-and-bakeries/","2 approved café or bakery listings","live","index"
"460","P3","Guánica","tourism","family things to do in Guánica","actividades familiares en Guánica","https://spotlightpuertorico.com/puerto-rico/guanica/family-activities/","3 documented family-suitable activities","live","index"
"461","P3","Guánica","business","home services in Guánica","servicios para el hogar en Guánica","https://spotlightpuertorico.com/puerto-rico/guanica/home-services/","2 approved home-service listings","live","index"
"462","P3","Guánica","business","local businesses in Guánica","negocios locales en Guánica","https://spotlightpuertorico.com/puerto-rico/guanica/local-businesses/","4 approved listings across at least 2 categories","live","index"
"463","P3","Guánica","business","professional services in Guánica","servicios profesionales en Guánica","https://spotlightpuertorico.com/puerto-rico/guanica/professional-services/","2 approved professional-service listings","live","index"
"464","P3","Guánica","food","restaurants in Guánica","restaurantes en Guánica","https://spotlightpuertorico.com/puerto-rico/guanica/restaurants/","2 approved restaurant listings","live","index"
"465","P3","Guánica","business","services near me in Guánica","servicios cerca de mí en Guánica","https://spotlightpuertorico.com/puerto-rico/guanica/services/","3 approved service listings across at least 2 categories","live","index"
"466","P3","Guánica","shopping","shopping in Guánica Puerto Rico","dónde comprar en Guánica Puerto Rico","https://spotlightpuertorico.com/puerto-rico/guanica/shopping/","2 approved retail listings","live","index"
"467","P3","Guánica","tourism","things to do in Guánica","qué hacer en Guánica","https://spotlightpuertorico.com/puerto-rico/guanica/things-to-do/","3 approved activities or attractions with distinct descriptions","live","index"
"468","P3","Guánica","tourism","tours in Guánica Puerto Rico","tours en Guánica Puerto Rico","https://spotlightpuertorico.com/puerto-rico/guanica/tours-and-experiences/","2 approved tours or bookable experiences","live","index"
"469","P3","Guayama","business","automotive services in Guayama","servicios automotrices en Guayama","https://spotlightpuertorico.com/puerto-rico/guayama/automotive/","2 approved automotive listings","live","index"
"470","P3","Guayama","tourism","beaches near Guayama","playas cerca de Guayama","https://spotlightpuertorico.com/puerto-rico/guayama/beaches/","2 documented beaches with access and safety details","live","index"
"471","P3","Guayama","business","beauty and spa in Guayama","belleza y spa en Guayama","https://spotlightpuertorico.com/puerto-rico/guayama/beauty-and-spa/","2 approved beauty or spa listings","live","index"
"472","P3","Guayama","food","cafes and bakeries in Guayama","cafés y panaderías en Guayama","https://spotlightpuertorico.com/puerto-rico/guayama/cafes-and-bakeries/","2 approved café or bakery listings","live","index"
"473","P3","Guayama","tourism","family things to do in Guayama","actividades familiares en Guayama","https://spotlightpuertorico.com/puerto-rico/guayama/family-activities/","3 documented family-suitable activities","live","index"
"474","P3","Guayama","business","home services in Guayama","servicios para el hogar en Guayama","https://spotlightpuertorico.com/puerto-rico/guayama/home-services/","2 approved home-service listings","live","index"
"475","P3","Guayama","business","local businesses in Guayama","negocios locales en Guayama","https://spotlightpuertorico.com/puerto-rico/guayama/local-businesses/","4 approved listings across at least 2 categories","live","index"
"476","P3","Guayama","business","professional services in Guayama","servicios profesionales en Guayama","https://spotlightpuertorico.com/puerto-rico/guayama/professional-services/","2 approved professional-service listings","live","index"
"477","P3","Guayama","food","restaurants in Guayama","restaurantes en Guayama","https://spotlightpuertorico.com/puerto-rico/guayama/restaurants/","2 approved restaurant listings","live","index"
"478","P3","Guayama","business","services near me in Guayama","servicios cerca de mí en Guayama","https://spotlightpuertorico.com/puerto-rico/guayama/services/","3 approved service listings across at least 2 categories","live","index"
"479","P3","Guayama","shopping","shopping in Guayama Puerto Rico","dónde comprar en Guayama Puerto Rico","https://spotlightpuertorico.com/puerto-rico/guayama/shopping/","2 approved retail listings","live","index"
"480","P3","Guayama","tourism","things to do in Guayama","qué hacer en Guayama","https://spotlightpuertorico.com/puerto-rico/guayama/things-to-do/","3 approved activities or attractions with distinct descriptions","live","index"
"481","P3","Guayama","tourism","tours in Guayama Puerto Rico","tours en Guayama Puerto Rico","https://spotlightpuertorico.com/puerto-rico/guayama/tours-and-experiences/","2 approved tours or bookable experiences","live","index"
"482","P3","Guayanilla","business","automotive services in Guayanilla","servicios automotrices en Guayanilla","https://spotlightpuertorico.com/puerto-rico/guayanilla/automotive/","2 approved automotive listings","live","index"
"483","P3","Guayanilla","tourism","beaches near Guayanilla","playas cerca de Guayanilla","https://spotlightpuertorico.com/puerto-rico/guayanilla/beaches/","2 documented beaches with access and safety details","live","index"
"484","P3","Guayanilla","business","beauty and spa in Guayanilla","belleza y spa en Guayanilla","https://spotlightpuertorico.com/puerto-rico/guayanilla/beauty-and-spa/","2 approved beauty or spa listings","live","index"
"485","P3","Guayanilla","food","cafes and bakeries in Guayanilla","cafés y panaderías en Guayanilla","https://spotlightpuertorico.com/puerto-rico/guayanilla/cafes-and-bakeries/","2 approved café or bakery listings","live","index"
"486","P3","Guayanilla","tourism","family things to do in Guayanilla","actividades familiares en Guayanilla","https://spotlightpuertorico.com/puerto-rico/guayanilla/family-activities/","3 documented family-suitable activities","live","index"
"487","P3","Guayanilla","business","home services in Guayanilla","servicios para el hogar en Guayanilla","https://spotlightpuertorico.com/puerto-rico/guayanilla/home-services/","2 approved home-service listings","live","index"
"488","P3","Guayanilla","business","local businesses in Guayanilla","negocios locales en Guayanilla","https://spotlightpuertorico.com/puerto-rico/guayanilla/local-businesses/","4 approved listings across at least 2 categories","live","index"
"489","P3","Guayanilla","business","professional services in Guayanilla","servicios profesionales en Guayanilla","https://spotlightpuertorico.com/puerto-rico/guayanilla/professional-services/","2 approved professional-service listings","live","index"
"490","P3","Guayanilla","food","restaurants in Guayanilla","restaurantes en Guayanilla","https://spotlightpuertorico.com/puerto-rico/guayanilla/restaurants/","2 approved restaurant listings","live","index"
"491","P3","Guayanilla","business","services near me in Guayanilla","servicios cerca de mí en Guayanilla","https://spotlightpuertorico.com/puerto-rico/guayanilla/services/","3 approved service listings across at least 2 categories","live","index"
"492","P3","Guayanilla","shopping","shopping in Guayanilla Puerto Rico","dónde comprar en Guayanilla Puerto Rico","https://spotlightpuertorico.com/puerto-rico/guayanilla/shopping/","2 approved retail listings","live","index"
"493","P3","Guayanilla","tourism","things to do in Guayanilla","qué hacer en Guayanilla","https://spotlightpuertorico.com/puerto-rico/guayanilla/things-to-do/","3 approved activities or attractions with distinct descriptions","live","index"
"494","P3","Guayanilla","tourism","tours in Guayanilla Puerto Rico","tours en Guayanilla Puerto Rico","https://spotlightpuertorico.com/puerto-rico/guayanilla/tours-and-experiences/","2 approved tours or bookable experiences","live","index"
"495","P3","Guaynabo","business","automotive services in Guaynabo","servicios automotrices en Guaynabo","https://spotlightpuertorico.com/puerto-rico/guaynabo/automotive/","2 approved automotive listings","live","index"
"496","P3","Guaynabo","tourism","beaches near Guaynabo","playas cerca de Guaynabo","https://spotlightpuertorico.com/puerto-rico/guaynabo/beaches/","2 documented beaches with access and safety details","live","index"
"497","P3","Guaynabo","business","beauty and spa in Guaynabo","belleza y spa en Guaynabo","https://spotlightpuertorico.com/puerto-rico/guaynabo/beauty-and-spa/","2 approved beauty or spa listings","live","index"
"498","P3","Guaynabo","food","cafes and bakeries in Guaynabo","cafés y panaderías en Guaynabo","https://spotlightpuertorico.com/puerto-rico/guaynabo/cafes-and-bakeries/","2 approved café or bakery listings","live","index"
"499","P3","Guaynabo","tourism","family things to do in Guaynabo","actividades familiares en Guaynabo","https://spotlightpuertorico.com/puerto-rico/guaynabo/family-activities/","3 documented family-suitable activities","live","index"
"500","P3","Guaynabo","business","home services in Guaynabo","servicios para el hogar en Guaynabo","https://spotlightpuertorico.com/puerto-rico/guaynabo/home-services/","2 approved home-service listings","live","index"
